id,front,back,example
1,يحقق,للوصول بنجاح إلى هدف أو نتيجة.,الطلاب الذين يضعون أهدافاً واضحة هم أكثر عرضة لتحقيق النجاح الأكاديمي.
2,يؤثر,أن يكون له تأثير أو نفوذ على شيء ما.,يمكن أن يؤثر تلوث الهواء سلبًا على صحة سكان المدن.
3,تحليل,فحص شيء ما بالتفصيل لفهمه.,يجب على الباحثين تحليل البيانات بعناية قبل استخلاص النتائج.
4,يقترب,طريقة أو أسلوب للتعامل مع شيء ما.,يأخذ النهج الشامل في التعليم في الاعتبار الاحتياجات الاجتماعية والعاطفية للطلاب.
5,وجه,جزء أو ميزة معينة من شيء ما.,يُعد خفض انبعاثات الكربون أحد الجوانب الرئيسية للتنمية المستدامة.
6,يٌقيِّم,لتقييم أو الحكم على جودة شيء ما.,يتعين على الحكومات تقييم الأثر البيئي للمشاريع الصناعية الجديدة.
7,يفترض,قبول شيء ما على أنه صحيح دون دليل.,غالباً ما يُفترض أن النمو الاقتصادي يؤدي تلقائياً إلى تحسين مستويات المعيشة.
8,سلوك,رأي أو شعور راسخ تجاه شيء ما.,لقد تغيرت المواقف العامة تجاه الطاقة المتجددة بشكل كبير في السنوات الأخيرة.
9,متاح,يمكن استخدامه أو الحصول عليه.,ينبغي إتاحة الوصول إلى الإنترنت لجميع المواطنين بغض النظر عن دخلهم.
10,فائدة,ميزة أو نتيجة إيجابية من شيء ما.,توفر التمارين الرياضية المنتظمة فوائد عديدة للصحة البدنية والعقلية على حد سواء.
11,سبب,شيء ينتج عنه تأثير أو نتيجة.,كثيراً ما يُشار إلى الفقر باعتباره سبباً جذرياً لعدم المساواة الاجتماعية.
12,تحدي,مشكلة أو مهمة صعبة تتطلب جهداً.,يمثل تغير المناخ أحد أكبر التحديات التي تواجه المجتمع الحديث.
13,مواطن,عضو معترف به قانونًا في دولة ما.,من واجب كل مواطن المشاركة في الانتخابات الديمقراطية.
14,مطالبة,أن تقول شيئاً على أنه صحيح أو أن تطالب به كحق.,يزعم بعض الباحثين أن وسائل التواصل الاجتماعي تضر بالصحة النفسية للمراهقين.
15,تصنيف,لترتيب الأشياء في فئات أو مجموعات.,يصنف العلماء الكائنات الحية وفقًا لخصائصها الجينية والفيزيائية.
16,مجتمع,مجموعة من الأشخاص يتشاركون موقعًا أو اهتمامًا مشتركًا.,تساعد شبكات الدعم المجتمعي القوية في الحد من العزلة الاجتماعية بين كبار السن.
17,يقارن,لفحص أوجه التشابه والاختلاف بين الأشياء.,ستقارن هذه المقالة بين فعالية أنظمة الرعاية الصحية العامة والخاصة.
18,معقد,مصنوع من أجزاء مترابطة كثيرة؛ يصعب فهمه.,إن العلاقة بين الفقر والجريمة معقدة للغاية ومتعددة الأوجه.
19,مفهوم,فكرة مجردة أو مبدأ عام.,يُعد مفهوم الاستدامة محورياً في السياسة البيئية الحديثة.
20,هَم,قلق أو مشكلة تسبب القلق أو الاهتمام.,وقد دفع القلق المتزايد بشأن التلوث البلاستيكي العديد من الحكومات إلى اتخاذ إجراءات.
21,ختاماً,التوصل إلى قرار أو حكم بعد التفكير والتدبر.,وخلصت الدراسة إلى أن ممارسة الرياضة بانتظام تقلل بشكل كبير من خطر الإصابة بالاكتئاب.
22,حالة,الحالة أو الظروف التي تؤثر على شيء ما.,لا يزال تحسين الظروف المعيشية في المناطق الريفية يمثل أولوية لصناع السياسات.
23,سلوك,القيام بنشاط ما؛ سلوك أو أسلوب.,ستجري الجامعة دراسة طولية حول رفاهية الطلاب على مدى خمس سنوات.
24,عاقبة,نتيجة أو أثر فعل أو حدث.,تترتب على إزالة الغابات عواقب وخيمة على التنوع البيولوجي وأنماط المناخ العالمية.
25,يعتبر,أن تفكر ملياً في الأمر قبل اتخاذ القرار.,يجب على صانعي السياسات مراعاة الآثار طويلة المدى لرفع سن التقاعد.
26,يتكون,أن يكون مكوناً من أجزاء أو يتألف منها.,ينبغي أن يتكون النظام الغذائي المتوازن من البروتينات والكربوهيدرات والدهون والفيتامينات والمعادن.
27,استهلك,استهلاك مورد ما أو تناول/شرب شيء ما.,تستهلك الدول المتقدمة موارد طبيعية للفرد الواحد أكثر بكثير من الدول النامية.
28,يساهم,المساهمة أو الإضافة إلى جهد أو نتيجة جماعية.,يمكن أن يساهم العمل التطوعي بشكل كبير في كل من التنمية الشخصية ورفاهية المجتمع.
29,يتحكم,تنظيم شيء ما أو امتلاك سلطة عليه.,يُعدّ فرض رقابة حكومية أكثر صرامة على الانبعاثات الصناعية أمراً ضرورياً لمكافحة تلوث الهواء.
30,يخلق,إيجاد شيء ما.,يمكن للاستثمار في الطاقة المتجددة أن يخلق آلاف الوظائف الجديدة في مختلف قطاعات الاقتصاد.
31,ثقافة,معتقدات وعادات وفنون المجتمع.,لقد أثرت العولمة إيجاباً وسلباً على الثقافات المحلية في جميع أنحاء العالم.
32,بيانات,حقائق أو إحصائيات يتم جمعها لأغراض التحليل.,تُعد البيانات الموثوقة ضرورية لوضع سياسات فعالة للصحة العامة.
33,انخفاض,أن يتناقص أو يصغر حجمه بمرور الوقت.,شهدت التنوع البيولوجي انخفاضاً حاداً بسبب النشاط البشري خلال العقود الأخيرة.
34,يُعرِّف,لبيان معنى أو طبيعة شيء ما.,"من المهم تحديد مصطلح ""الاستدامة"" بوضوح قبل مناقشة الحلول السياسية."
35,يطلب,الحاجة أو الرغبة في الحصول على سلعة أو خدمة.,إن الطلب المتزايد على السيارات الكهربائية يدفع الابتكار في تكنولوجيا البطاريات.
36,يعتمد,الاعتماد على شخص أو شيء ما للحصول على الدعم.,تعتمد العديد من الدول النامية بشكل كبير على المساعدات الخارجية لتطوير البنية التحتية الأساسية.
37,يصف,أن تصف شيئاً ما بالكلمات.,يصف التقرير زيادة كبيرة في متوسط ​​درجات الحرارة العالمية منذ عام 1950.
38,يطور,أن ينمو، أو يتقدم، أو يخلق شيئاً جديداً.,يتعين على الدول تطوير الزراعة المستدامة لتلبية احتياجات السكان المتزايدة.
39,اختلاف,طريقة تختلف بها الأشياء عن بعضها البعض.,يوجد فرق كبير في مستويات الدخل بين سكان المدن وسكان الريف.
40,توزيع,نشر أو توصيل شيء ما عبر منطقة ما.,تقع على عاتق الحكومات مسؤولية توزيع الموارد العامة بشكل عادل بين المواطنين.
41,متنوع,بما في ذلك العديد من الأنواع أو الأصناف المختلفة.,تساهم القوى العاملة المتنوعة في إثراء المنظمة بمجموعة أوسع من وجهات النظر والأفكار.
42,اقتصادي,يتعلق بإنتاج واستخدام النقود.,لقد ساهم التطور الاقتصادي السريع في انتشال ملايين الأشخاص من براثن الفقر في آسيا.
43,تعليم,عملية تلقي التعليم المنهجي.,يُعتبر الحصول على تعليم جيد حقاً أساسياً من حقوق الإنسان.
44,تأثير,تغيير أو نتيجة ناتجة عن سبب.,إن الآثار طويلة المدى للحرمان من النوم على الوظائف الإدراكية موثقة جيداً.
45,ظهور,أن ينشأ أو يصبح معروفاً.,تستمر التقنيات الجديدة في الظهور كحلول لأزمة الطاقة العالمية.
46,توظيف,توظيف شخص للعمل مقابل أجر.,لا يزال قطاع التصنيع يوظف نسبة كبيرة من القوى العاملة الوطنية.
47,طاقة,الطاقة المستمدة من الموارد الطبيعية أو المحولة.,يُعد التحول إلى مصادر الطاقة المتجددة أمراً بالغ الأهمية للحد من انبعاثات غازات الاحتباس الحراري.
48,بيئة,العالم الطبيعي أو البيئة المحيطة بالكائن الحي.,ينبغي أن تكون حماية البيئة الطبيعية أولوية لكل من الحكومات والأفراد.
49,يٌرسّخ,تأسيس أو إنشاء شيء ما على أساس متين.,أنشأت الحكومة هيئة تنظيمية جديدة للإشراف على القطاع المالي.
50,يقيم,لتقييم قيمة أو جودة شيء ما.,من الضروري تقييم مصادر المعلومات بشكل نقدي قبل الاستشهاد بها.
51,شهادة,حقائق أو معلومات تدعم استنتاجاً ما.,هناك أدلة تجريبية قوية تربط التدخين بمجموعة متنوعة من الأمراض الخطيرة.
52,يفحص,التحقق من شيء ما أو فحصه بدقة.,ستتناول هذه المقالة العلاقة بين عدم المساواة الاقتصادية ومعدلات الجريمة.
53,يوسع,زيادة في الحجم أو العدد أو النطاق.,تسعى العديد من الشركات إلى توسيع عملياتها في الأسواق الناشئة في آسيا.
54,يتوقع,أن تؤمن بأن شيئًا ما سيحدث في المستقبل.,من المتوقع على نطاق واسع أن تُحدث الأتمتة تحولاً جذرياً في سوق العمل خلال عقود.
55,خبرة,المعرفة أو المهارة المكتسبة من خلال الممارسة.,تساعد برامج التدريب العملي الطلاب على تطوير مهارات عملية تؤهلهم للعمل في المستقبل.
56,يشرح,توضيح شيء ما من خلال وصفه.,إن قدرة الأستاذة على شرح النظريات المعقدة بوضوح جعلتها تحظى باحترام كبير.
57,عامل,عنصر يساهم في تحقيق نتيجة.,يُعد النظام الغذائي والتمارين الرياضية من العوامل الرئيسية في تحديد النتائج الصحية طويلة المدى للفرد.
58,ميزة,سمة أو خاصية مميزة لشيء ما.,من السمات الرئيسية للتخطيط الحضري الناجح توفير مساحات خضراء يسهل الوصول إليها.
59,ركز,تركيز الانتباه أو الجهد على شيء ما.,ينبغي أن تركز السياسة الحكومية على توفير مساكن بأسعار معقولة للأسر ذات الدخل المنخفض.
60,وظيفة,الغرض أو الدور الذي صُمم شيء ما ليؤديه.,تتمثل الوظيفة الأساسية للجهاز المناعي في حماية الجسم من الأمراض.
61,يولد,إنتاج أو ابتكار شيء ما.,يمكن للألواح الشمسية توليد كمية كافية من الكهرباء لتزويد منزل كامل بالطاقة.
62,عالمي,متعلق بالعالم بأسره أو يغطيه.,يُعد التعاون العالمي أمراً ضرورياً لمواجهة تحديات تغير المناخ بفعالية.
63,الحكم,السيطرة على دولة أو منظمة أو توجيهها.,يجب أن تُحكم الدول الديمقراطية بطريقة تعكس إرادة الشعب.
64,نمو,عملية زيادة الحجم أو القيمة.,يُعد النمو الاقتصادي المستدام ضرورياً للحد من البطالة وتحسين مستويات المعيشة.
65,ضرر,الضرر الجسدي أو النفسي الذي يلحق بشيء ما.,قد يتسبب الاستخدام المفرط لوسائل التواصل الاجتماعي في أضرار نفسية للشباب المعرضين للخطر.
66,صحة,حالة الخلو من المرض أو الإصابة.,يجب على الحكومات الاستثمار في البنية التحتية للصحة العامة لمنع انتشار الأمراض.
67,تأثير,تأثير قوي أو نفوذ على شيء ما.,للتوسع الحضري تأثير كبير على النظم البيئية المحلية وموارد المياه.
68,ينفذ,وضع خطة أو قرار موضع التنفيذ.,تعتزم الحكومة تطبيق لوائح جديدة للحد من انبعاثات الكربون الصناعية.
69,يحسن,لتحسين الجودة أو جعلها أفضل.,يُعد الاستثمار في التعليم الطريقة الأكثر فعالية لتحسين النتائج الاقتصادية على المدى الطويل.
70,يزيد,أن يصبح أو يجعل شيئًا ما أكبر في الكمية.,شهدت مبيعات السيارات الكهربائية على مستوى العالم زيادة كبيرة.
71,يشير,لإظهار أو الإشارة إلى شيء ما على أنه محتمل.,تشير الدراسات الحديثة إلى أن النشاط البدني المنتظم يقلل من خطر الإصابة بالأمراض المزمنة.
72,فردي,فرد واحد، متميز عن المجموعة.,تُعد حماية الحقوق الفردية حجر الزاوية في أي مجتمع ديمقراطي.
73,تأثير,القدرة على التأثير على الناس أو الأشياء.,تمارس وسائل التواصل الاجتماعي تأثيراً عميقاً على الآراء السياسية للشباب.
74,بنية تحتية,الأنظمة الفيزيائية الأساسية التي تدعم المجتمع.,يُعد الاستثمار في البنية التحتية للنقل أمراً حيوياً لتحفيز التنمية الاقتصادية الإقليمية.
75,مبادرة,خطة أو إجراء جديد يهدف إلى حل مشكلة ما.,أطلقت الحكومة مبادرة جديدة لتشجيع الشباب على ممارسة مهن في مجالات العلوم والتكنولوجيا والهندسة والرياضيات.
76,مؤسسة,منظمة راسخة ذات هدف اجتماعي.,يجب أن تظل المؤسسات الديمقراطية مستقلة لضمان مجتمع عادل ومنصف.
77,يتضمن,تضمين شيء ما أو اشتراطه كجزء منه.,ينبغي أن يشمل التخطيط الحضري الفعال السكان بشكل فعال في عملية صنع القرار.
78,مشكلة,موضوع أو مشكلة مهمة للنقاش.,يُعد تغير المناخ أحد أكثر القضايا إلحاحاً التي تواجه المجتمع الدولي اليوم.
79,يبرر,لإظهار أو إثبات أن شيئًا ما صحيح أو معقول.,يجب أن تكون الحكومات قادرة على تبرير زيادة الإنفاق الدفاعي لمواطنيها.
80,نقص,غياب أو نقص شيء مطلوب.,لا يزال نقص المياه النظيفة يمثل تحدياً كبيراً في الدول النامية.
81,حد,نقطة لا يمكن لأي شيء أن يتجاوزها.,يجب على الدول أن تتفق على حدود ملزمة قانوناً لانبعاثات ثاني أكسيد الكربون.
82,يحافظ على,للحفاظ على شيء ما في حالته أو وضعه الحالي.,بات من الصعب بشكل متزايد الحفاظ على التنوع البيولوجي في المناطق الحضرية المكتظة.
83,رئيسي,ذو أهمية أو خطورة بالغة.,يُعد تلوث الهواء مصدر قلق كبير للصحة العامة في العديد من أكبر مدن العالم.
84,يدير,أن يكون مسؤولاً عن شيء ما أو مسيطراً عليه.,يتطلب التنمية المستدامة من الحكومات إدارة الموارد الطبيعية بعناية.
85,يقيس,إجراء يتم اتخاذه لتحقيق هدف؛ لتحديد الكمية.,يجب على الحكومات اتخاذ تدابير حاسمة لمعالجة مشكلة بطالة الشباب المتفاقمة.
86,طريقة,طريقة معينة للقيام بشيء ما بشكل منهجي.,يجب على العلماء تبني أساليب بحث صارمة لضمان صحة نتائجهم.
87,الهجرة,الانتقال من منطقة أو بلد إلى آخر.,يهاجر العديد من العمال الريفيين إلى المدن بحثاً عن فرص عمل أفضل.
88,حديث,متعلق بالوقت الحاضر؛ معاصر.,لقد غيرت التكنولوجيا الحديثة بشكل جذري طريقة تواصل الناس ووصولهم إلى المعلومات.
89,شاشة,مراقبة شيء ما والتحقق منه بمرور الوقت.,يجب على السلطات الصحية مراقبة جودة الهواء باستمرار في المناطق الحضرية ذات الكثافة السكانية العالية.
90,وطني,متعلق بأمة بأكملها أو نموذجي لها.,قامت الحكومة بتطبيق منهج وطني لتوحيد التعليم في جميع أنحاء البلاد.
91,طبيعي,موجود في الطبيعة أو ناتج عنها.,يشكل الاستغلال المفرط للموارد الطبيعية تهديداً خطيراً للاستدامة البيئية.
92,ضروري,مطلوب أو ضروري للغاية.,من الضروري أن تستثمر الحكومات في البنية التحتية لدعم النمو الاقتصادي.
93,سلبي,ضار أو غير مواتٍ بطبيعته أو تأثيره.,إن التعرض المطول للتنمر الإلكتروني قد يكون له آثار سلبية خطيرة على الصحة النفسية.
94,يحصل على,الحصول على شيء ما أو اكتسابه من خلال الجهد.,يجب على الطلاب الحصول على حد أدنى من الدرجات للتأهل لبرامج المنح الدراسية الجامعية.
95,يحدث,أن يحدث أو يقع.,من المتوقع أن تحدث الكوارث الطبيعية بوتيرة متزايدة بسبب تغير المناخ.
96,فرصة,وضع مواتٍ يسمح بالتقدم.,إن الحصول على تعليم جيد يمنح الشباب فرصاً اقتصادية أكبر.
97,حصيلة,نتيجة أو عاقبة فعل ما.,تميل برامج التدخل المبكر إلى تحقيق نتائج تعليمية أفضل للأطفال.
98,يشارك,للمشاركة في نشاط أو فعالية.,ينبغي تشجيع المواطنين على المشاركة الفعالة في عملية صنع القرار في الحكومة المحلية.
99,سياسة,خطة أو مسار عمل تتبناه جهة مختصة.,تُعد سياسة الطاقة الفعالة ضرورية لتقليل البصمة الكربونية للدولة.
100,تلوث,لتلويث البيئة بمواد ضارة.,تستمر الأنشطة الصناعية في تلويث الأنهار والإضرار بالنظم البيئية المائية على مستوى العالم.
101,سكان,جميع سكان مكان معين.,يشكل شيخوخة السكان تحديات كبيرة لأنظمة المعاشات التقاعدية والرعاية الصحية.
102,إيجابي,له تأثير مفيد أو جيد.,إن امتلاك موقف إيجابي تجاه التعلم مدى الحياة يمكن أن يحسن فرص العمل بشكل كبير.
103,محتمل,امتلاك القدرة على تطوير أو تحقيق شيء ما.,يتمتع الذكاء الاصطناعي بالقدرة على إحداث تحول جذري في تشخيص وعلاج الرعاية الصحية.
104,يمنع,لمنع حدوث شيء ما.,تُعد برامج التطعيم من أكثر الطرق فعالية للوقاية من انتشار الأمراض.
105,أساسي,الأهم أو الأول حسب الأولوية.,ينبغي أن يكون الهدف الأساسي لأي نظام صحي هو حماية وتعزيز الصحة.
106,عملية,سلسلة من الخطوات لتحقيق نتيجة معينة.,تعتمد العملية الديمقراطية على حصول المواطنين على معلومات نزيهة ودقيقة.
107,ينتج,صنع أو ابتكار شيء ما.,يجب إخضاع المصانع التي تنتج مستويات عالية من الانبعاثات لأنظمة أكثر صرامة.
108,يرقي,دعم أو تشجيع تطوير شيء ما.,يمكن للحملات التي تشجع على عادات الأكل الصحية أن تساعد في خفض معدلات السمنة لدى الأطفال.
109,اقتراح,طرح خطة أو اقتراح.,اقترح العديد من الاقتصاديين فرض ضريبة على الكربون كحل لخفض الانبعاثات.
110,يحمي,للحفاظ على السلامة من الأذى أو الضرر.,يقع على عاتق الحكومات واجب حماية المواطنين من عواقب التلوث البيئي.
111,يمد,إتاحة شيء ما لشخص ما.,يجب على الدولة توفير خدمات الرعاية الصحية الأساسية لجميع المواطنين دون تمييز.
112,غاية,السبب الذي من أجله يوجد شيء ما أو يتم القيام به.,الهدف الرئيسي من التعليم العالي هو تزويد الطلاب بمهارات التفكير النقدي.
113,يرفع,لزيادة أو لفت الانتباه إلى أمر ما.,تواصل المنظمات الدولية جهودها لزيادة الوعي بآثار تغير المناخ.
114,يقلل,لجعل شيء ما أصغر أو أقل كمية.,تهدف الحكومة إلى خفض انبعاثات الكربون بنسبة 50% خلال السنوات العشرين القادمة.
115,يعكس,أن تُظهر أو تفكر بعمق في شيء ما.,ينبغي أن تعكس السياسات الحكومية بدقة احتياجات وقيم عموم السكان.
116,منطقة,منطقة واسعة ذات خصائص مميزة.,يختلف التطور الاقتصادي اختلافاً كبيراً بين المناطق الساحلية والمناطق الداخلية في البلاد.
117,تنظيم,التحكم في شيء ما عن طريق القواعد.,يجب على الحكومات تنظيم استخدام منصات التواصل الاجتماعي لحماية المستخدمين الشباب.
118,يتصل,أن يكون لديك اتصال أو صلة بشيء ما.,ترتبط المستويات العالية من عدم المساواة ارتباطاً وثيقاً بزيادة معدلات الجريمة والاضطرابات الاجتماعية.
119,يطلق,السماح لشيء ما بأن يكون حراً أو مُفرَّغاً.,تستمر العمليات الصناعية في إطلاق كميات كبيرة من الملوثات في الغلاف الجوي.
120,يعتمد,الاعتماد على شخص أو شيء ما.,لا تزال العديد من الدول النامية تعتمد بشكل كبير على الوقود الأحفوري لتلبية احتياجاتها من الطاقة.
121,يمثل,أن يدافع عن شيء ما أو يتصرف نيابة عنه.,يقع على عاتق المسؤولين المنتخبين واجب تمثيل مصالح ناخبيهم بشكل عادل.
122,يتطلب,أن يحتاج المرء إلى شيء ما باعتباره ضرورياً أو إلزامياً.,يتطلب التصدي لتغير المناخ تعاوناً دولياً عاجلاً والتزاماً سياسياً.
123,بحث,تحقيق منهجي لإثبات حقائق جديدة.,هناك حاجة إلى استثمار كبير في البحوث الطبية لمكافحة الأمراض المعدية الناشئة.
124,مورد,مورد يمكن استخدامه لغرض معين.,يجب على الدول إدارة مواردها الطبيعية بمسؤولية لضمان استدامتها على المدى الطويل.
125,يرد,للتفاعل أو الرد على شيء ما.,يجب على الحكومات الاستجابة بسرعة للكوارث الطبيعية لتقليل الخسائر البشرية والمعاناة.
126,نتيجة,شيء ينتج كنتيجة لفعل ما.,غالباً ما يؤدي سوء التغذية وقلة الحركة إلى مشاكل صحية خطيرة على المدى الطويل.
127,يحتفظ,الاستمرار في الاحتفاظ بشيء ما أو امتلاكه.,يتعين على الشركات تطوير استراتيجيات أفضل للاحتفاظ بالموظفين الموهوبين في الأسواق التنافسية.
128,يكشف,لإعلان شيء كان مخفياً سابقاً.,تكشف الأبحاث الحديثة عن وجود علاقة قوية بين عدم المساواة في الدخل وسوء النتائج الصحية.
129,دور,الوظيفة أو المنصب الذي يشغله شخص أو شيء ما.,يلعب التعليم دوراً حاسماً في الحد من عدم المساواة الاجتماعية وتعزيز الحراك الاجتماعي.
130,ريفي,يتعلق الأمر بالريف وليس بالمدن.,غالباً ما تفتقر المجتمعات الريفية إلى نفس الموارد التعليمية التي يتمتع بها سكان المدن.
131,قطاع,جزء مميز من الاقتصاد أو المجتمع.,يلعب القطاع العام دوراً حيوياً في تقديم الخدمات الأساسية للمواطنين.
132,بارِز,مهم أو كبير بما يكفي لإحداث تأثير.,شهدت العقود الأخيرة انخفاضاً ذا دلالة إحصائية في معدلات الجريمة.
133,مجتمع,مجتمع من الناس يعيشون معاً.,يجب على المجتمع العادل والمنصف أن يضمن تكافؤ الفرص لجميع مواطنيه.
134,حل,طريقة لحل مشكلة.,يُعد التعاون الدولي ضرورياً لإيجاد حلول طويلة الأجل لتغير المناخ العالمي.
135,مصدر,مصدر أو مصدر شيء ما.,يجب على الباحثين الاستشهاد بمصادر موثوقة عند تقديم الأدلة في العمل الأكاديمي.
136,معيار,مستوى الجودة أو الإنجاز المتوقع.,يُعتبر رفع مستوى التعليم أمراً أساسياً لتحسين القدرة التنافسية الاقتصادية الوطنية.
137,استراتيجية,خطة مصممة لتحقيق هدف طويل الأجل.,كشفت الحكومة عن استراتيجية وطنية جديدة لمعالجة ارتفاع مستويات السمنة.
138,بناء,الترتيب المنظم للأجزاء في شيء ما.,يمكن للهياكل الاجتماعية الجامدة أن تمنع الحراك الاجتماعي التصاعدي وتديم عدم المساواة.
139,يقترح,طرح فكرة أو احتمال.,تشير الأدلة إلى أن التعليم في مرحلة الطفولة المبكرة له فوائد دائمة للتطور المعرفي.
140,يدعم,تقديم المساعدة أو الدفاع عن شيء ما.,يُعد الدعم المالي الحكومي للشركات الصغيرة أمراً بالغ الأهمية خلال فترات الركود الاقتصادي.
141,حَافَظ على,للحفاظ على شيء ما أو إبقائه مستمراً مع مرور الوقت.,من الضروري تبني سياسات تدعم النمو الاقتصادي دون الإضرار بالبيئة.
142,نظام,مجموعة منظمة من العناصر المترابطة.,يُعد نظام الرعاية الصحية الممول تمويلاً جيداً أمراً ضرورياً للحفاظ على صحة السكان وإنتاجيتهم.
143,هدف,هدف أو مجموعة موجهة تحديداً.,يجب على الدول وضع أهداف طموحة لخفض انبعاثات غازات الاحتباس الحراري بحلول عام 2050.
144,تكنولوجيا,المعرفة العلمية المطبقة على الأغراض العملية.,لقد أتاحت التطورات التكنولوجية إمكانية الوصول إلى المعلومات في أي مكان في العالم.
145,ينزع,أن يكون لديك ميل عام نحو شيء ما.,تميل الدول الأكثر ثراءً إلى إنتاج انبعاثات كربونية للفرد الواحد أكثر من الدول النامية.
146,نظرية,نظام من الأفكار يُستخدم لشرح الظواهر.,لقد غيرت نظرية داروين في التطور فهمنا للحياة على الأرض بشكل جذري.
147,تقليدي,استناداً إلى عادات وممارسات راسخة منذ زمن طويل.,لقد شكلت العولمة تحدياً للقيم التقليدية والهويات الثقافية في العديد من المجتمعات.
148,تحويل,تغيير شيء ما بشكل كامل في شكله أو طبيعته.,تتمتع التكنولوجيا الرقمية بالقدرة على تغيير طريقة عمل الناس وتواصلهم.
149,اتجاه,اتجاه عام يتطور فيه شيء ما.,لا تظهر أي علامات على تباطؤ الاتجاه العالمي نحو التحضر في العقود القادمة.
150,حضري,متعلق بالمدينة أو مميز لها.,لقد أدى التطور الحضري السريع إلى وضع ضغط هائل على البنية التحتية للنقل العام.
151,قيمة,الأهمية أو القيمة المنسوبة لشيء ما.,تُشكل القيم الأساسية مثل المساواة والعدالة أساس معظم الدساتير الديمقراطية الحديثة.
152,يتغير,أن يكون مختلفاً أو يتغير تبعاً للظروف.,يختلف متوسط ​​العمر المتوقع اختلافاً كبيراً بين الدول تبعاً للدخل وجودة الرعاية الصحية.
153,ضحية,الشخص الذي تضرر من جريمة أو مصيبة.,يجب توفير أنظمة دعم كافية لمساعدة ضحايا العنف المنزلي على التعافي.
154,رعاية,صحة الإنسان وسعادته ورفاهيته.,توفر دولة الرفاه شبكة أمان للمواطنين خلال فترات البطالة أو المرض.
155,وصول,القدرة أو الحق في الحصول على شيء ما أو استخدامه.,إن ضمان المساواة في الحصول على الرعاية الصحية هو التزام أساسي على أي حكومة عادلة.
156,يتكيف,للتكيف مع الظروف أو الأوضاع الجديدة.,يجب على الشركات التكيف باستمرار مع ظروف السوق المتغيرة بسرعة للحفاظ على قدرتها التنافسية.
157,عنوان,التعامل مع مشكلة أو التحدث عنها.,يجب على صانعي السياسات معالجة قضية تزايد التشرد في المدن الكبرى بشكل عاجل.
158,مناسب,مرضٍ أو كافٍ لغرض معين.,لكل طفل الحق في الحصول على مستوى مناسب من التعليم والتغذية.
159,وكالة,منظمة تعمل نيابة عن منظمة أخرى؛ الاستقلالية.,تم إنشاء وكالة حكومية خصيصاً للإشراف على مسائل حماية البيئة.
160,يجادل,تقديم الأسباب الداعمة لموقف معين.,يجادل العديد من الاقتصاديين بأن التجارة الحرة تفيد الدول النامية والمتقدمة على حد سواء.
161,واعي,امتلاك المعرفة أو الوعي بشيء ما.,يزداد وعي الشباب بعواقب تغير المناخ على مستقبلهم.
162,توازن,توزيع متساوٍ أو توازن مستقر.,هناك حاجة إلى نهج متوازن يعزز النمو الاقتصادي مع حماية البيئة.
163,حاجز,شيء يمنع الوصول أو التقدم.,لا تزال العوائق المالية تحول دون حصول العديد من الطلاب الموهوبين على التعليم العالي.
164,سلوك,الطريقة التي يتصرف بها الشخص أو الكائن الحي.,يمكن للبرامج التعليمية أن تغير السلوك بشكل فعال وتعزز خيارات نمط الحياة الصحية.
165,ميزانية,تقدير للدخل والنفقات لفترة زمنية محددة.,يجب على الحكومات تخصيص جزء كافٍ من الميزانية الوطنية للتعليم العام.
166,عاصمة,الثروة المستخدمة لتوليد الدخل؛ مقر حكومة الدولة.,إن الاستثمار في رأس المال البشري من خلال التعليم يحقق عوائد اقتصادية كبيرة على المدى الطويل.
167,جدول,تمثيل مرئي للبيانات؛ تسجيل البيانات.,يوضح الرسم البياني زيادة مطردة في متوسط ​​درجات الحرارة العالمية من عام 1980 إلى عام 2020.
168,خيار,مجموعة مختارة من البدائل المتاحة.,ينبغي على الحكومات احترام الخيارات الفردية مع ضمان حصول المواطنين على المعلومات الكافية.
169,يجمع,جمع العناصر أو المعلومات معًا.,يقوم الباحثون بجمع البيانات من آلاف المشاركين لضمان الموثوقية الإحصائية.
170,يقترف,أن يتعهد المرء أو يكرس نفسه لمسار عمل معين.,يجب على الدول الالتزام باتفاقيات ملزمة لخفض انبعاثاتها من غازات الاحتباس الحراري بشكل كبير.
171,يتواصل,لتبادل المعلومات أو مشاركتها بفعالية.,تُعد القدرة على التواصل بوضوح وإقناع أمراً أساسياً في الحياة الأكاديمية والمهنية.
172,تنافس,السعي ضد الآخرين لتحقيق نفس الهدف.,يجب على الدول الاستثمار في التعليم والابتكار لكي تتمكن من المنافسة بفعالية في الاقتصاد العالمي.
173,صراع,خلاف حاد أو صراع طويل الأمد.,لا تزال النزاعات المسلحة تتسبب في نزوح ملايين الأشخاص في مختلف مناطق العالم.
174,عقد,اتفاقية قانونية رسمية بين الأطراف.,ينبغي على العمال دائماً قراءة عقد العمل بعناية قبل توقيع أي وثيقة.
175,يَتَصدَّى,للتعامل بفعالية مع موقف صعب.,تواجه العديد من المجتمعات صعوبة في التأقلم مع تزايد وتيرة الكوارث الطبيعية.
176,فاسد,غير أمين أو مستعد للتصرف بطريقة غير أخلاقية لتحقيق مكاسب.,إن المسؤولين الفاسدين الذين يسيئون استخدام الأموال العامة يقوضون الثقة التي يضعها المواطنون في الحكومة.
177,يكلف,المبلغ المطلوب لشراء أو القيام بشيء ما.,أدى ارتفاع تكاليف المعيشة إلى صعوبة متزايدة في توفير السكن للأسر ذات الدخل المنخفض.
178,جريمة,فعل غير قانوني يعاقب عليه القانون.,إن معالجة الأسباب الجذرية للفقر أمر ضروري للحد من معدلات الجريمة العنيفة.
179,مصيبة,وقتٌ من الصعوبة أو الخطر الشديدين.,أظهرت الأزمة المالية العالمية لعام 2008 مدى ترابط الاقتصادات الحديثة.
180,شديد الأهمية,يتضمن تحليلاً دقيقاً؛ ذو أهمية بالغة.,يُعد التفكير النقدي مهارة أساسية لتحليل القضايا المعقدة في الحياة الأكاديمية والمهنية.
181,ينقص,أن يصبح أو يصغر حجمه أو كميته.,شهد العالم انخفاضاً مطرداً في عدد الأشخاص الذين يعيشون في فقر مدقع.
182,ديمقراطية,نظام حكم يقوم على ممثلين منتخبين.,تعتمد الديمقراطية النابضة بالحياة على مواطنين مطلعين وصحافة حرة.
183,يكشف,اكتشاف أو تحديد وجود شيء ما.,يمكن لأدوات الفحص المتقدمة اكتشاف أنواع معينة من السرطان في مرحلة مبكرة وأكثر قابلية للعلاج.
184,مرض,مرض ناتج عن عدوى أو خلل وظيفي.,يتطلب منع انتشار الأمراض المعدية استثماراً كبيراً في البنية التحتية للصحة العامة.
185,محلي,متعلق بالمنزل أو بالوطن.,يمكن أن يكون لقرارات السياسة الداخلية عواقب وخيمة على مكانة الدولة الدولية.
186,السيطرة,أن يمتلك أكبر قدر من السلطة أو النفوذ على الآخرين.,تهيمن مجموعة صغيرة من الشركات متعددة الجنسيات على التجارة العالمية في إنتاج الغذاء.
187,اقتصاد,نظام الإنتاج والاستهلاك في بلد ما.,يؤدي تنويع الاقتصاد الوطني إلى تقليل تعرض الدولة لصدمات أسعار السلع الأساسية.
188,انبعاثات,إنتاج الغاز وإطلاقه في الغلاف الجوي.,يُعد خفض انبعاثات الكربون أمراً محورياً في الجهود الدولية الرامية إلى معالجة تغير المناخ.
189,فرض,لإجبار الناس على الامتثال لقانون أو قاعدة.,بدون موارد كافية، لا تستطيع الحكومات إنفاذ قوانين حماية البيئة بشكل فعال.
190,تعريف,التعرف على هوية شيء ما أو تحديدها.,تهدف الدراسة إلى تحديد العوامل الرئيسية التي تساهم في ارتفاع مستويات بطالة الشباب.
191,يراقب,أن تراقب بعناية أو تلاحظ شيئاً ما.,يراقب العلماء سلوك الحيوانات في بيئاتها الطبيعية لفهم النظم البيئية بشكل أفضل.
192,فئة,فئة أو مجموعة من الأشياء ذات صفات مشتركة.,يقسم التقرير النفايات إلى ثلاث فئات رئيسية: قابلة لإعادة التدوير، وعضوية، وخطرة.
193,مبدأ,حقيقة أو قاعدة أساسية توجه السلوك.,إن مبدأ المساواة هو أساس القانون الدولي لحقوق الإنسان والحكم الديمقراطي.
194,انشر,إتاحة المعلومات أو الأعمال للجمهور.,يجب على الباحثين نشر نتائج أبحاثهم في مجلات علمية موثوقة للمساهمة في المعرفة العلمية.
195,ابتكر,لتقديم أفكار أو أساليب جديدة.,الشركات التي تفشل في الابتكار تخاطر بأن تتفوق عليها الشركات المنافسة الأكثر مرونة في السوق.
196,دمج,دمج أو دمج الأجزاء في الكل.,هناك حاجة إلى سياسات فعالة لمساعدة اللاجئين على الاندماج في مجتمعاتهم المضيفة.
197,تخصيص,توزيع الموارد لغرض محدد.,يجب على الحكومات تخصيص أموال كافية للحفاظ على خدمات الصحة العامة وتحسينها.
198,تنسيق,تنظيم الأفراد أو المجموعات للعمل معًا.,يتعين على الوكالات الدولية تنسيق جهودها في مجال الإغاثة من الكوارث لتحقيق أقصى قدر من الفعالية.
199,مناظرة,مناقشة رسمية لوجهات النظر المتعارضة.,هناك نقاش مستمر بين الاقتصاديين حول الآثار طويلة المدى للعولمة على عدم المساواة.
200,يفضح,أن يكشف أو يترك شيئًا ما دون حماية.,قد يطور الأطفال الذين يتعرضون للعنف في وسائل الإعلام مواقف غير حساسة تجاه الأذى.
201,تسارع,لزيادة السرعة أو المعدل.,لقد ساهم الابتكار التكنولوجي في تسريع النمو الاقتصادي في العديد من الدول النامية.
202,يستوعب,لتوفير مساحة أو التكيف مع الاحتياجات.,يتعين على المدن توسيع بنيتها التحتية لاستيعاب النمو السكاني المتزايد في المناطق الحضرية.
203,تراكم,أن يتراكم أو يتراكم تدريجياً مع مرور الوقت.,تميل الأسر في الدول المتقدمة إلى تراكم ثروة أكبر على مر الأجيال.
204,يُقرّ,الاعتراف بوجود شيء ما أو الإقرار به.,يجب على الحكومات أن تعترف بدور الفقر في تفاقم عدم المساواة الاجتماعية.
205,اكتساب,فعل الحصول على شيء ما أو اكتسابه.,يُعد اكتساب اللغة في سن مبكرة أمراً بالغ الأهمية لنجاح الطفل الأكاديمي على المدى الطويل.
206,الآثار الجانبية,ضار أو غير مواتٍ في تأثيره.,التعرض المطول للتلوث يمكن أن يكون له آثار سلبية على الصحة العامة.
207,يدافع عن,دعم قضية أو سياسة ما علنًا.,يدعو العديد من التربويين إلى تقليل عدد الطلاب في الفصول الدراسية لتحسين نتائج التعلم.
208,تخفيف,لتخفيف حدة المعاناة أو المشكلة.,تهدف برامج المساعدات الخارجية إلى التخفيف من حدة الفقر في أقل دول العالم نمواً.
209,طموح,امتلاك رغبة قوية في تحقيق أهداف صعبة.,وضعت الحكومة هدفاً طموحاً يتمثل في خفض انبعاثات الكربون بنسبة 50% بحلول عام 2030.
210,أسهب,لزيادة قوة أو تأثير شيء ما.,يمكن لوسائل التواصل الاجتماعي أن تضخم الخطاب العام، ولكنها أيضاً تنشر المعلومات المضللة بسرعة.
211,يتوقع,أن تتوقع أو تتنبأ بشيء ما قبل حدوثه.,يجب على صانعي السياسات توقع التحولات الديموغرافية المستقبلية عند التخطيط للخدمات العامة.
212,واضح,واضح أو جليّ؛ يبدو صحيحاً.,من الواضح أن فرص الحصول على تعليم جيد لا تزال غير متساوية بين الطبقات الاجتماعية.
213,يصف,اعتبار شيء ما ناتجاً عن عامل ما.,يعزو الباحثون ارتفاع معدلات السمنة إلى حد كبير إلى سوء العادات الغذائية وقلة النشاط البدني.
214,ذاتي القيادة,العمل بشكل مستقل دون سيطرة خارجية.,من المتوقع أن تُحدث المركبات ذاتية القيادة تحولاً جذرياً في صناعة النقل العالمية.
215,التنوع البيولوجي,تنوع الحياة النباتية والحيوانية في بيئة معينة.,تشكل إزالة الغابات تهديداً كبيراً للتنوع البيولوجي في الغابات الاستوائية المطيرة.
216,حرج,حمل ثقيل أو مسؤولية كبيرة؛ تحميل زائد.,تُشكل تكاليف الرعاية الصحية المتزايدة عبئاً كبيراً على الأفراد والحكومات على حد سواء.
217,سعة,أقصى كمية يمكن أن يحملها شيء ما أو يفعلها.,يتعين على الدول النامية بناء قدراتها المؤسسية للتصدي لتغير المناخ بفعالية.
218,البصمة الكربونية,إجمالي غازات الاحتباس الحراري التي ينتجها كيان ما.,يمكن للأفراد تقليل بصمتهم الكربونية بشكل كبير من خلال اتباع نظام غذائي نباتي.
219,مزمن,يستمر لفترة طويلة؛ ويتكرر باستمرار.,تساهم البطالة المزمنة في المناطق الريفية في انتشار الفقر والإقصاء الاجتماعي.
220,مدني,يتعلق الأمر بالمواطنين ومسؤولياتهم.,تُعد المشاركة المدنية ضرورية للحفاظ على ديمقراطية سليمة وفعالة.
221,تعاون,العمل بشكل مشترك مع الآخرين لتحقيق هدف ما.,يُعد التعاون الدولي ضرورياً لمواجهة التحديات العالمية مثل تغير المناخ.
222,كفاءة,القدرة على القيام بشيء ما بفعالية.,يُولي أصحاب العمل أهمية متزايدة للكفاءة الرقمية إلى جانب المؤهلات الأكاديمية التقليدية.
223,امتثال,الامتثال للقواعد أو المعايير أو القوانين.,يُعدّ الالتزام الصارم باللوائح البيئية أمراً ضرورياً للتنمية الصناعية المستدامة.
224,شامل,يشمل جميع الجوانب؛ شامل وكامل.,يجب أن يتناول النهج الشامل للصحة العامة كلاً من الوقاية والعلاج.
225,قيد,قيد أو تقييد على الفعل.,غالباً ما تمنع القيود المفروضة على الميزانية الحكومات من الاستثمار بشكل كافٍ في البنية التحتية العامة.
226,استهلاك,استخدام السلع أو الموارد أو الطاقة.,يُعد خفض استهلاك الطاقة استراتيجية رئيسية لمكافحة تغير المناخ على مستوى العالم.
227,معاصر,موجود أو يحدث في الوقت الحاضر.,يواجه المجتمع المعاصر تحديات غير مسبوقة تتعلق بالتكنولوجيا الرقمية والخصوصية.
228,جدلي,إثارة خلاف أو جدل حاد.,لا يزال استخدام الطاقة النووية موضوعاً مثيراً للجدل للغاية في النقاشات البيئية.
229,الارتباط,لإظهار علاقة متبادلة بين شيئين.,تشير الأبحاث إلى أن مستويات التعليم العالي ترتبط ارتباطاً وثيقاً بنتائج اقتصادية أفضل.
230,مقرر,المواد التي تُدرّس في مدرسة أو دورة تدريبية.,يرى العديد من التربويين أن المنهج الوطني يجب أن يتضمن المزيد من مهارات التفكير النقدي.
231,إزالة الغابات,إزالة الغابات على نطاق واسع من قبل البشر.,إن إزالة الغابات في منطقة الأمازون مدفوعة إلى حد كبير بالتوسع الزراعي وتربية الماشية.
232,التركيبة السكانية,بيانات إحصائية تتعلق بمجموعة سكانية.,ستؤدي التحولات الديموغرافية نحو شيخوخة السكان إلى وضع ضغط كبير على أنظمة المعاشات التقاعدية.
233,استنزاف,لتقليل أو استنفاد مخزون شيء ما.,يستمر الصيد الجائر في استنزاف الموارد البحرية بمعدل ينذر بالخطر وغير مستدام.
234,تدهور,أن تتدهور الجودة تدريجياً.,بدون تدخل عاجل، ستستمر الظروف البيئية في المناطق الحضرية بالتدهور.
235,رقميًا,يتعلق الأمر بتكنولوجيا الحاسوب والإنترنت.,إن الفجوة الرقمية بين الدول الغنية والفقيرة تُنذر بتفاقم عدم المساواة العالمية بشكل أكبر.
236,يتضاءل,أن يصبح أصغر أو أقل أهمية.,قد يؤدي التشغيل الآلي إلى تقليل الطلب على العمالة منخفضة المهارة في قطاعات التصنيع.
237,تناقض,فرق بين أشياء يفترض أن تكون متطابقة.,هناك تباين ملحوظ بين الأهداف المعلنة للحكومة وسياساتها الفعلية.
238,تمييز,معاملة غير عادلة بناءً على الانتماء الجماعي.,لا يزال التمييز ضد المرأة في مكان العمل يشكل عائقاً كبيراً أمام المساواة بين الجنسين.
239,التفاوت,فرق كبير بين الأشياء أو المجموعات.,إن التفاوت المتزايد في الثروة بين أغنى المواطنين وأفقرهم يهدد التماسك الاجتماعي.
240,النزوح,إجلاء الناس قسراً من منازلهم.,تسبب النزاع المسلح في نزوح ملايين الأشخاص في جميع أنحاء الشرق الأوسط.
241,خلل,اضطراب يعيق النشاط الطبيعي.,لقد تسبب الابتكار الرقمي في اضطراب واسع النطاق في نماذج الأعمال والصناعات التقليدية.
242,مسيطر,الأقوى أو الأهم أو الأكثر نفوذاً.,أصبحت اللغة الإنجليزية اللغة المهيمنة في مجال الأعمال الدولية والبحث الأكاديمي.
243,جفاف,فترة طويلة من انخفاض معدل هطول الأمطار بشكل غير طبيعي.,أدى الجفاف الممتد في أفريقيا جنوب الصحراء الكبرى إلى تدمير الإنتاج الزراعي والأمن الغذائي.
244,بيئي,يتعلق بالعلاقة بين الكائنات الحية والبيئة.,تسببت ممارسات الزراعة الصناعية في أضرار بيئية جسيمة للتربة والمجاري المائية.
245,توكيد,يُعطى شيء ما أهمية خاصة.,هناك تركيز متزايد على تطوير المهارات الشخصية في المناهج التعليمية الحديثة.
246,وباء,انتشار واسع النطاق للمرض في منطقة ما.,يرتبط وباء السمنة في الدول الغنية بأنماط الحياة الخاملة وسوء التغذية.
247,المساواة,حالة التمتع بحقوق وفرص متساوية.,إن تحقيق المساواة بين الجنسين في مكان العمل يتطلب إصلاحات تشريعية وتغييراً ثقافياً.
248,أخلاقي,يتعلق بالمبادئ الأخلاقية والسلوك القويم.,يثير استخدام الذكاء الاصطناعي تساؤلات أخلاقية هامة حول الخصوصية والمساءلة.
249,المصروفات,المبلغ المالي الذي يُنفق على شيء ما.,يمكن أن يؤدي زيادة الإنفاق الحكومي على التعليم إلى تحقيق فوائد اقتصادية كبيرة على المدى الطويل.
250,يستغل,الاستخدام غير العادل أو استغلال الموارد.,تعرضت الشركات متعددة الجنسيات لانتقادات بسبب استغلالها للعمالة الرخيصة في البلدان النامية.
251,الانقراض,نهاية وجود نوع ما بشكل كامل.,إن النشاط البشري يدفع العديد من أنواع النباتات والحيوانات نحو الانقراض السريع.
252,يسهل,لتسهيل إجراء أو عملية ما.,يمكن للبنية التحتية المحسّنة للنقل أن تسهل التجارة وتعزز التنمية الاقتصادية بشكل كبير.
253,المالية,يتعلق الأمر بإيرادات الحكومة والضرائب.,يتعين على الحكومات تبني سياسات مالية حكيمة لتجنب تراكم الدين الوطني المفرط.
254,مرن,قادر على التكيف بسهولة مع الظروف المتغيرة.,لقد ثبت أن ترتيبات العمل المرنة تُحسّن من رفاهية الموظفين وإنتاجيتهم.
255,الوقود الأحفوري,مصدر طاقة يتكون من مواد عضوية قديمة.,يُعد استمرار حرق الوقود الأحفوري المحرك الرئيسي لتغير المناخ العالمي.
256,قابل للكسر,سهل الكسر أو التلف؛ هش وضعيف.,تتمتع الدول الجزرية الصغيرة بنظم بيئية هشة بشكل خاص، وهي مهددة بارتفاع منسوب مياه البحر.
257,نطاق,هيكل أو نظام أساسي لتوجيه العمل.,هناك حاجة إلى إطار قانوني واضح لتنظيم استخدام الذكاء الاصطناعي بشكل أخلاقي.
258,أساسي,تشكيل أساس أو جوهر أساسي.,يُعد الحصول على المياه النظيفة حقاً أساسياً من حقوق الإنسان، ولا يزال الكثير من الناس يفتقرون إليه.
259,العولمة,زيادة التكامل الاقتصادي والثقافي على مستوى العالم.,لقد خلقت العولمة فرصاً جديدة للتجارة، ولكنها زادت أيضاً من المنافسة الاقتصادية.
260,الرعاية الصحية,توفير الخدمات الطبية للناس بشكل منظم.,تضمن الرعاية الصحية الشاملة حصول جميع المواطنين على العلاج الطبي بغض النظر عن دخلهم.
261,فرضية,تفسير مقترح يتطلب مزيدًا من الاختبار.,اقترح الباحث فرضية مفادها أن النظام الغذائي يؤثر بشكل مباشر على التطور المعرفي لدى الأطفال.
262,تطابق,متطابقة تماماً في كل التفاصيل.,توصلت الدراسة إلى نتائج متطابقة تقريباً بين مجموعتين بخلفيات تعليمية مختلفة.
263,التداعيات,نتيجة محتملة أو معنى مقترح.,إن صعود الأتمتة له آثار كبيرة على التوظيف وتوزيع الدخل في المستقبل.
264,حافز,شيء يشجع على القيام بفعل مرغوب فيه.,يمكن للحوافز الضريبية أن تشجع الشركات على الاستثمار في تقنيات الطاقة المتجددة.
265,عدم المساواة,التوزيع غير المتكافئ للموارد أو الفرص.,يُعدّ تزايد عدم المساواة في الدخل أحد أكثر التحديات الاجتماعية إلحاحاً في العصر الحديث.
266,حتمي,أمرٌ حتمي؛ من المستحيل تجنبه.,يرى بعض الاقتصاديين أن البطالة التكنولوجية هي نتيجة حتمية للأتمتة.
267,تضخم اقتصادي,ارتفاع عام في الأسعار مع مرور الوقت.,يؤدي التضخم المرتفع إلى تآكل القدرة الشرائية ويؤثر بشكل غير متناسب على الأسر ذات الدخل المنخفض.
268,ابتكار,تقديم أفكار أو أساليب أو منتجات جديدة.,يُعد الابتكار المستمر في مجال الطاقة المتجددة أمراً ضرورياً لتحقيق أهداف الاستدامة العالمية.
269,تفاعل,العمل المتبادل أو التواصل بين الأطراف.,يُعد التفاعل المباشر وجهاً لوجه أمراً حيوياً لتطوير المهارات الاجتماعية الأساسية لدى الأطفال الصغار.
270,تدخل,الإجراءات المتخذة لتحسين الوضع أو منعه.,يُعد التدخل الحكومي المبكر أمراً ضرورياً لمنع تفاقم الأزمة المالية.
271,استثمار,تخصيص الموارد توقعاً لتحقيق منفعة مستقبلية.,يلعب الاستثمار الأجنبي المباشر دوراً حاسماً في تسريع النمو الاقتصادي في الدول النامية.
272,تشريع,القوانين أو مجموعة القوانين التي تسنها الحكومة.,هناك حاجة إلى تشريعات أقوى لحماية العمال من الظروف غير الآمنة في مكان العمل.
273,معرفة القراءة والكتابة,القدرة على القراءة أو الكتابة أو استخدام مهارة ما.,ترتبط معدلات الإلمام بالقراءة والكتابة المرتفعة ارتباطاً وثيقاً بتحسين الإنتاجية الاقتصادية والنتائج الاجتماعية.
274,تهميش,معاملة مجموعة ما على أنها غير مهمة أو هامشية.,إن السياسات الاقتصادية التي تتجاهل المناطق الريفية تميل إلى زيادة تهميش المجتمعات الضعيفة أصلاً.
275,آلية,نظام أو عملية لتحقيق نتيجة.,تُعد الآليات التنظيمية الفعالة ضرورية لمنع الممارسات الاحتكارية في الأسواق الحرة.
276,المنهجية,نظام من الأساليب المستخدمة في البحث.,تم التشكيك في استنتاجات الدراسة بسبب وجود عيوب كبيرة في منهجية البحث.
277,الهجرة,انتقال الناس من مكان إلى آخر.,تسارعت الهجرة الاقتصادية إلى المراكز الحضرية في العديد من البلدان النامية في العقود الأخيرة.
278,عقلية,مجموعة راسخة من المواقف أو المعتقدات.,تشجع عقلية النمو الطلاب على النظر إلى الأخطاء على أنها فرص للتعلم.
279,التنقل,القدرة على التنقل بحرية بين المواقع.,يُعتبر التعليم على نطاق واسع المحرك الرئيسي للحراك الاجتماعي في المجتمعات الحديثة.
280,معدل الوفيات,معدل الوفيات في مجتمع ما.,لقد ساهم تحسين الصرف الصحي بشكل كبير في خفض معدلات وفيات الأطفال في البلدان النامية.
281,تحفيز,السبب أو الدافع وراء فعل الشخص.,يميل الطلاب ذوو الدافعية الذاتية العالية إلى التفوق على أولئك الذين تحركهم المكافآت الخارجية فقط.
282,البلدية,متعلق بحكومة بلدة أو مدينة.,تتولى السلطات البلدية مسؤولية إدارة أنظمة جمع النفايات والنقل العام.
283,رواية,سرد شفهي أو كتابي للأحداث.,تلعب وسائل الإعلام دوراً مؤثراً في تشكيل الخطاب العام حول الهجرة.
284,التفاوض,للتوصل إلى اتفاق من خلال المناقشة.,يجب على قادة العالم التفاوض على اتفاقيات ملزمة لمعالجة تغير المناخ العالمي بشكل فعال.
285,بدانة,حالة زيادة الوزن المفرطة.,ارتفعت معدلات السمنة لدى الأطفال بشكل حاد في العديد من البلدان بسبب العادات الغذائية غير الصحية.
286,فرض,واجب أخلاقي أو قانوني للقيام بشيء ما.,تقع على عاتق الدول الغنية مسؤولية أخلاقية لمساعدة الدول الأكثر تضرراً من تغير المناخ.
287,عقبة,شيء يعيق التقدم أو الإنجاز.,لا يزال نقص التمويل يشكل عائقاً كبيراً أمام الإصلاح التعليمي في العديد من الدول.
288,المعارضة,المقاومة أو الصراع ضد شيء ما.,وقد لاقى اقتراح توسيع الطريق معارضة شديدة من الجماعات البيئية المحلية.
289,عضوي,منتج بدون مواد كيميائية اصطناعية؛ موجود بشكل طبيعي.,ازداد الطلب على الأغذية العضوية بشكل ملحوظ مع ازدياد وعي المستهلكين بصحتهم.
290,اكتظاظ,عدد كبير جداً من الناس في مساحة محدودة.,أدى التوسع الحضري السريع إلى اكتظاظ شديد في المدن الكبرى في جميع أنحاء العالم النامي.
291,جائحة,مرض ينتشر في جميع أنحاء العالم.,كشفت جائحة كوفيد-19 عن نقاط ضعف خطيرة في البنية التحتية للصحة العامة العالمية.
292,جزاء,عقوبة لخرق قاعدة أو قانون.,قد يؤدي فرض عقوبات مالية أشد على التلوث إلى ردع الصناعات عن ارتكاب انتهاكات بيئية.
293,تصور,اعتقاد أو تفسير لشيء ما.,غالباً ما يتشكل التصور العام للهجرة من خلال التغطية الإعلامية بدلاً من الأدلة الإحصائية.
294,وجهة نظر,وجهة نظر معينة أو طريقة معينة لرؤية الأشياء.,من الضروري النظر في هذه المسألة من منظور أولئك الأكثر تضرراً بشكل مباشر.
295,ظاهرة,حقيقة أو حدث يمكن ملاحظته، وغالبًا ما يكون لافتًا للنظر.,إن التوسع الحضري ظاهرة عالمية تنطوي على فرص وتحديات كبيرة.
296,فقر,حالة الفقر المدقع.,لا يزال القضاء على الفقر المدقع أحد أهم أهداف التنمية الدولية.
297,إجحاف,رأي غير عادل لا يستند إلى المنطق.,إن مكافحة التحيز العنصري تتطلب إصلاحات قانونية ومبادرات تعليمية واسعة النطاق.
298,أولوية,شيء مصنف على أنه الأكثر أهمية.,ينبغي أن يكون تحسين فرص الحصول على تعليم جيد على رأس أولويات أي حكومة مسؤولة.
299,إنتاجية,كفاءة الإنتاج لكل وحدة من المدخلات.,يُعد الاستثمار في تدريب الموظفين أحد أكثر الطرق فعالية لتعزيز إنتاجية مكان العمل.
300,تقدمي,تفضيل الإصلاح والتقدم الاجتماعي.,يضمن النظام الضريبي التصاعدي أن يساهم أصحاب الدخل الأعلى بنسبة أكبر.
301,حَجم,جزء من الكل؛ نسبة مقارنة.,يمتلك جزء صغير من السكان حصة غير متناسبة من الثروة الوطنية.
302,نفسياً,يتعلق بالعقل والعمليات العقلية.,يمكن أن يكون للبطالة عواقب نفسية خطيرة، بما في ذلك الاكتئاب وفقدان الهوية.
303,ركود,فترة من التراجع الاقتصادي الكبير.,خلال فترة الركود الاقتصادي، يؤدي ارتفاع معدلات البطالة وانخفاض الإنفاق الاستهلاكي إلى خلق حلقة سلبية.
304,إعادة التأهيل,عملية استعادة الصحة أو الحياة الطبيعية.,إن الاستثمار في برامج إعادة التأهيل يقلل من معدلات العودة إلى الإجرام بشكل أكثر فعالية من السجن وحده.
305,متجدد,مورد يمكن تجديده بشكل طبيعي.,يُعد الاستثمار في مصادر الطاقة المتجددة أمراً حيوياً للحد من الاعتماد على الوقود الأحفوري على مستوى العالم.
306,تقييد,قاعدة أو شرط يحد من النشاط.,تسببت قيود السفر المفروضة خلال فترة الجائحة في اضطراب كبير في السياحة العالمية.
307,ربح,الدخل الناتج عن الحكومة أو الشركات.,تعتمد الحكومات على عائدات الضرائب لتمويل الخدمات العامة الأساسية مثل الرعاية الصحية والتعليم.
308,ثورة,تغيير جذري وأساسي في المجتمع.,أحدثت الثورة الصناعية تحولاً جذرياً في الاقتصاد العالمي وأنماط العمل البشري.
309,الصرف الصحي,أنظمة للحفاظ على النظافة وإدارة النفايات.,يساهم عدم كفاية خدمات الصرف الصحي في المناطق الحضرية ذات الكثافة السكانية العالية في انتشار الأمراض المعدية.
310,الندرة,نقص في إمدادات الموارد الضرورية.,يشكل نقص المياه أحد أخطر التهديدات لبقاء الإنسان في العقود القادمة.
311,متشكك,يميل إلى التشكيك في الادعاءات أو التساؤل عنها.,لا يزال العديد من الاقتصاديين متشككين بشأن استدامة الإنفاق الحكومي الحالي على المدى الطويل.
312,الحراك الاجتماعي,القدرة على الانتقال بين الطبقات الاجتماعية.,يُعتبر التعليم على نطاق واسع الأداة الأقوى لتحسين الحراك الاجتماعي.
313,النمطية,صورة ثابتة ومبسطة للغاية لمجموعة ما.,غالباً ما تعزز الصور النمطية الضارة عن مجتمعات الأقليات من خلال وسائل الإعلام.
314,المحفز,شيء يثير رد فعل أو نشاطاً.,أطلقت الحكومة حزمة تحفيزية ضخمة لإنعاش الاقتصاد بعد الركود.
315,ضاحية,منطقة سكنية تقع على أطراف المدينة.,أدى نمو الضواحي إلى زيادة الاعتماد على السيارات وساهم في التوسع العمراني العشوائي.
316,مراقبة,مراقبة دقيقة، وخاصة من قبل السلطات.,تثير المراقبة الجماعية التي تقوم بها الحكومات مخاوف جدية بشأن خصوصية الأفراد والحريات المدنية.
317,الضرائب,نظام فرض الضرائب على المواطنين.,تعتبر الضرائب العادلة والتصاعدية ضرورية لتمويل الخدمات العامة والحد من عدم المساواة.
318,انتقال,تغيير من حالة إلى أخرى.,يُعدّ الانتقال السريع إلى الطاقة المتجددة أمراً ضرورياً للحد من ارتفاع درجة حرارة الأرض.
319,الشفافية,الانفتاح والوضوح في العمليات أو الحوكمة.,يمكن أن تساعد زيادة الشفافية في الإنفاق الحكومي على الحد من الفساد وبناء ثقة الجمهور.
320,البطالة,حالة عدم وجود عمل مدفوع الأجر.,تشكل البطالة الهيكلية الناجمة عن الأتمتة تحدياً كبيراً للحكومات في جميع أنحاء العالم.
321,التوسع الحضري,تزايد نسبة السكان الذين يعيشون في المدن.,أدى التوسع الحضري السريع في آسيا إلى ظهور مدن عملاقة، ولكنه أدى أيضاً إلى ظهور تحديات خطيرة في البنية التحتية.
322,تلقيح,علاج يوفر مناعة ضد الأمراض.,لقد نجحت برامج التطعيم الجماعي في القضاء على أمراض مثل الجدري والسيطرة على شلل الأطفال على مستوى العالم.
323,تطوعي,تم ذلك طواعيةً دون إكراه خارجي.,تلعب منظمات القطاع التطوعي دوراً حاسماً في دعم الفئات الضعيفة في المجتمع.
324,وهن,التعرض للأذى أو الصعوبة.,تواجه الدول الجزرية الصغيرة ضعفاً شديداً أمام عواقب ارتفاع منسوب مياه البحر.
325,واسع الانتشار,موجود أو منتشر على مساحة واسعة.,أدى الانتشار الواسع للإنترنت إلى تغيير جذري في الاتصالات والوصول إلى المعلومات على مستوى العالم.
326,القوى العاملة,جميع الأشخاص المتاحين للعمل.,تشكل القوى العاملة المسنة تحديات كبيرة لأنظمة التقاعد في الدول المتقدمة.
327,أَثْمَر,إنتاج أو توفير نتيجة أو محصول.,ساهمت التقنيات الزراعية المحسنة في مساعدة المزارعين على إنتاج محاصيل أكبر في المناطق المعرضة للجفاف.
328,تفاقم,لتفاقم المشكلة أو الوضع.,من المتوقع أن يؤدي تغير المناخ إلى تفاقم تحديات الأمن الغذائي القائمة في المناطق المعرضة للخطر.
329,توزيع,توزيع الموارد لغرض محدد.,يُعدّ التخصيص الفعال للأموال العامة أمراً ضرورياً لتحسين نتائج الرعاية الصحية الوطنية.
330,اندماج,عملية دمج الأجزاء لتكوين الكل.,يتطلب الاندماج الاجتماعي الناجح للمهاجرين الاستثمار في تعليم اللغة ودعم المجتمع.
331,المساءلة,المسؤولية عن أفعال المرء وقراراته.,تُعد زيادة المساءلة في المؤسسات العامة أمراً ضرورياً للحفاظ على ثقة المواطنين في الحكومة.
332,تكيفي,قادر على التكيف مع الظروف الجديدة.,تتيح استراتيجيات الإدارة التكيفية للمؤسسات الاستجابة بفعالية للبيئات المتغيرة بسرعة.
333,تفاقم,لجعل المشكلة أو الموقف أكثر خطورة.,قد يؤدي عدم كفاية استجابة الحكومة إلى تفاقم العواقب الاجتماعية للركود الاقتصادي.
334,من صنع الإنسان,ناتج عن النشاط البشري أو متسبب فيه.,يتفق العلماء على أن انبعاثات غازات الدفيئة الناتجة عن الأنشطة البشرية هي المحرك الرئيسي للاحتباس الحراري.
335,الاستيعاب,اندماج مجموعة ما في ثقافة مهيمنة.,وقد أدانت منظمات حقوق الإنسان على نطاق واسع عمليات الاستيعاب الثقافي القسري للشعوب الأصلية.
336,التقشف,تخفيضات حادة في الإنفاق الحكومي لخفض الدين.,أدت إجراءات التقشف التي فُرضت بعد الأزمة المالية إلى تخفيضات حادة في الخدمات العامة.
337,الأتمتة,استخدام التكنولوجيا لأداء المهام تلقائيًا.,لقد أدى أتمتة عمليات التصنيع إلى تقليل الحاجة إلى العمالة غير الماهرة بشكل كبير.
338,قابل للتحلل الحيوي,قابلة للتحلل بواسطة الكائنات الحية الطبيعية.,يُعد استبدال البلاستيك بالتغليف القابل للتحلل الحيوي خطوة أساسية نحو الحد من التلوث البيئي.
339,البيروقراطية,نظام معقد من القواعد والإجراءات الرسمية.,يمكن أن يؤدي الإفراط في البيروقراطية في المؤسسات العامة إلى إعاقة تقديم الخدمات الأساسية بكفاءة.
340,المحفز,شيء يحفز أو يسرع عملية ما.,شكل الوباء حافزاً لانتشار ممارسات العمل عن بعد على نطاق واسع عالمياً.
341,المشاركة المدنية,المشاركة الفعالة في الحياة المجتمعية والسياسية.,يشكل انخفاض مستوى المشاركة المدنية بين الشباب تهديداً كبيراً للحكم الديمقراطي.
342,التعايش,التعايش بسلام رغم الاختلافات.,إن تحقيق التعايش السلمي بين المجتمعات العرقية المتنوعة يتطلب الاحترام والتفاهم المتبادلين.
343,ذهني,يتعلق بالعمليات العقلية للتفكير والتعلم.,للتعليم في مرحلة الطفولة المبكرة تأثير عميق على التطور المعرفي طويل الأمد والأداء الأكاديمي.
344,التماسك,صفة تشكيل وحدة متكاملة.,تؤدي المستويات العالية من عدم المساواة إلى تقويض التماسك الاجتماعي وزيادة خطر الاضطرابات المدنية.
345,تحويل إلى سلعة,أن تعامل شيئًا ما كمنتج تجاري.,يجادل النقاد بأنه لا ينبغي للحكومات تحويل التعليم إلى سلعة من خلال التعامل معه كمنتج سوقي.
346,إلزامي,مطلوب بموجب القانون أو القواعد؛ إلزامي.,لقد كان لقوانين التعليم الإلزامي دور فعال في تحسين معدلات معرفة القراءة والكتابة في جميع أنحاء العالم.
347,تصور,لتكوين أو تطوير فكرة أو خطة.,من الصعب تصور مستقبل مستدام دون تحول جذري في استهلاك الطاقة.
348,توحيد,لدمج أو تقوية شيء ما ليصبح وحدة متكاملة.,أتاح الاندماج للشركتين توحيد الموارد وتحسين الكفاءة التشغيلية.
349,تلوث,وجود ملوثات ضارة في مادة ما.,تسببت النفايات الصناعية في تلوث واسع النطاق للمياه الجوفية في المجتمعات الريفية المحيطة.
350,الخلاف,نقطة خلاف أو جدال حاد.,لا تزال سياسة الهجرة نقطة خلاف رئيسية في المناقشات السياسية في العديد من البلدان.
351,اللامركزية,لنقل السلطة من السلطة المركزية إلى السلطة المحلية.,يمكن أن تساهم الجهود المبذولة لتطبيق اللامركزية في الحكم في تمكين المجتمعات المحلية وتحسين تقديم الخدمات العامة.
352,متعمد,تم ذلك عن قصد؛ للتفكير ملياً.,يبدو أن استبعاد أصوات الأقليات من المناقشات السياسية استراتيجية سياسية متعمدة.
353,التبعية,حالة الاعتماد الشديد على شيء ما.,تعاني العديد من الدول النامية من أجل تقليل اعتمادها الاقتصادي على سلعة تصديرية واحدة.
354,الحرمان,نقص ضار في الضروريات الأساسية.,الأطفال الذين نشأوا في مناطق تعاني من حرمان شديد هم أقل عرضة بشكل ملحوظ لتحقيق النجاح الأكاديمي.
355,التصحر,تدهور الأراضي إلى ظروف شبيهة بالصحراء.,يهدد التصحر سبل عيش ملايين الأشخاص الذين يعيشون في المناطق شبه القاحلة حول العالم.
356,تدهور,عملية تدهور تدريجي.,يشكل تدهور البنية التحتية الحضرية مخاطر أمنية خطيرة على السكان في العديد من المدن.
357,غير متناسب,كبير جدًا أو صغير جدًا مقارنة بشيء آخر.,تتحمل المجتمعات المهمشة عبئاً غير متناسب من عواقب التلوث البيئي.
358,الانتخابات,يتعلق بالانتخابات أو عملية التصويت.,يُعد الإصلاح الانتخابي أمراً ضرورياً لضمان تمثيل جميع المواطنين بشكل عادل في الحكومة.
359,هجرة,مغادرة المرء لبلده ليستقر في مكان آخر.,يمكن أن تؤدي معدلات الهجرة المرتفعة إلى حرمان الدول النامية من مواطنيها الأكثر مهارة وتعليماً.
360,تجريبي,يستند إلى الملاحظة والأدلة بدلاً من النظرية.,ينبغي أن تستند القرارات السياسية السليمة إلى الأدلة التجريبية بدلاً من الافتراضات الأيديولوجية.
361,تَأيِيد,إعلان علني عن الدعم أو الموافقة.,يمكن أن يؤثر تأييد المشاهير بشكل كبير على الرأي العام بشأن القضايا الاجتماعية والسياسية الهامة.
362,ريادة الأعمال,نشاط إنشاء وإدارة الأعمال التجارية.,بإمكان الحكومات تحفيز النمو الاقتصادي من خلال تهيئة الظروف التي تدعم ريادة الأعمال والابتكار.
363,معضلة أخلاقية,صراع يتطلب الاختيار بين المبادئ الأخلاقية.,تُقدّم التطورات في الهندسة الوراثية للمجتمع معضلات أخلاقية عميقة تتطلب دراسة متأنية.
364,تفاقم الحالة,عملية تفاقم المشكلة.,يؤدي النمو السكاني السريع إلى تفاقم نقص الموارد في المناطق التي تعاني أصلاً من صعوبات.
365,الاستبعاد,فعل منع الوصول أو العضوية.,يُعدّ الإقصاء الاجتماعي للفئات الضعيفة عقبة رئيسية أمام تحقيق المساواة المجتمعية الحقيقية.
366,استغلال,الاستخدام غير العادل لشخص أو شيء ما لتحقيق مكاسب.,إن استغلال الشركات متعددة الجنسيات للعمالة الرخيصة في الدول النامية يثير مخاوف أخلاقية خطيرة.
367,النمو الأسي,زيادة أو نقصان بمعدل متسارع بسرعة.,لقد أدى النمو الهائل في استخدام وسائل التواصل الاجتماعي إلى تغيير طريقة استهلاك الناس للمعلومات على مستوى العالم.
368,التقلب,التغير أو التباين غير المنتظم مع مرور الوقت.,يمكن أن تؤدي التقلبات الحادة في أسعار النفط العالمية إلى زعزعة استقرار اقتصادات الدول المعتمدة على النفط.
369,صياغة,إنشاء أو ابتكار بشكل منهجي.,يتعين على الحكومات صياغة سياسات بعناية توازن بين النمو الاقتصادي وحماية البيئة.
370,التجزئة,تجزئة شيء ما إلى أجزاء صغيرة معزولة.,أدى تشرذم الأحزاب السياسية إلى صعوبة متزايدة في تشكيل حكومات مستقرة.
371,الناتج المحلي الإجمالي,إجمالي القيمة النقدية للناتج السنوي لبلد ما.,يجادل العديد من الاقتصاديين بأن الناتج المحلي الإجمالي ليس مقياساً كافياً للرفاهية الوطنية.
372,الهيمنة,هيمنة مجموعة واحدة على المجموعات الأخرى.,لقد أثرت الهيمنة الثقافية للدول الغربية بشكل كبير على وسائل الإعلام العالمية وتفضيلات المستهلكين.
373,التجانس,جعل الأشياء موحدة أو متشابهة في جميع أنحاء المكان.,يجادل النقاد بأن العولمة تؤدي إلى تجانس ثقافي للمجتمعات على حساب التنوع.
374,إنساني,مهتمون بتحسين رفاهية الإنسان والتخفيف من معاناته.,تُعد المساعدات الإنسانية الدولية ضرورية لدعم السكان المتضررين من النزاعات المسلحة والكوارث.
375,الأيديولوجيا,نظام من المعتقدات التي تدعم العمل السياسي.,غالباً ما تتشكل السياسة الاقتصادية بفعل الأيديولوجية السياسية أكثر من الأدلة التجريبية والبحوث.
376,فرض,فرض شيء ما على الآخرين بالسلطة.,يجوز للهيئات الدولية فرض عقوبات على الحكومات التي تنتهك اتفاقيات حقوق الإنسان.
377,السجن,حالة السجن.,إن ارتفاع معدلات السجن في بعض البلدان يثير تساؤلات جدية حول العدالة وإعادة التأهيل.
378,بداية,بداية أو تأسيس شيء ما.,منذ تأسيسها، حققت المنظمة تقدماً كبيراً في التخفيف من حدة الفقر العالمي.
379,شامل,ولا يستثني ذلك أي مجموعة أو فرد.,يضمن نظام التعليم الشامل حصول الأطفال ذوي الإعاقة على فرص تعليمية متساوية.
380,السكان الأصليون,ينشأ بشكل طبيعي في منطقة معينة.,يجب حماية حقوق الشعوب الأصلية في أراضيها الأصلية بموجب القانون الدولي.
381,تصنيع,الانتقال إلى التصنيع الصناعي واسع النطاق.,لقد جلبت عملية التصنيع في الدول النامية نمواً اقتصادياً، ولكنها جلبت أيضاً أضراراً بيئية كبيرة.
382,عدم الكفاءة,عدم الاستفادة المثلى من الوقت أو الموارد.,يؤدي عدم الكفاءة البيروقراطية المنتشرة إلى منع الحكومات من تقديم الخدمات بشكل فعال وعادل.
383,المؤسسي,يتعلق بالمنظمات أو الأنظمة القائمة.,لا تزال العنصرية المؤسسية المتأصلة في الأنظمة القانونية تُلحق الضرر بالمجتمعات الأقلية في جميع أنحاء العالم.
384,الترابط,الاعتماد المتبادل بين مجموعتين أو أكثر.,أظهرت الجائحة العالمية مدى الترابط العميق بين الاقتصادات الوطنية في العالم الحديث.
385,الترهيب,استخدام الخوف أو التهديدات لإجبار شخص ما.,إن ترهيب الناخبين يقوض العملية الديمقراطية ويمنع إجراء انتخابات حرة ونزيهة.
386,الاختصاص القضائي,السلطة الرسمية لتطبيق القوانين.,تُشكل الجرائم الإلكترونية تحديات معقدة لأنها تحدث في كثير من الأحيان عبر ولايات قضائية متعددة.
387,وضع متجاور,وضع شيئين معًا لإبراز التباين بينهما.,يقارن التقرير بين أنماط حياة النخبة الثرية وأولئك الذين يعيشون في فقر مدقع.
388,شرعي,الامتثال للقانون أو المعايير المقبولة.,يجب أن تكون الحكومة الشرعية مسؤولة أمام مواطنيها وأن تحترم حقوق الإنسان الأساسية.
389,سوء التغذية,سوء الصحة الناتج عن نظام غذائي غير كافٍ أو غير متوازن.,يمثل سوء التغذية المنتشر في مناطق النزاع أزمة إنسانية عالمية خطيرة وملحة.
390,تجلّي,علامة أو تعبير مرئي عن شيء ما.,يُعد التشرد مظهراً صارخاً لفشل سياسة الإسكان في العديد من المدن المتقدمة.
391,التهميش,عملية التعامل مع مجموعة ما على أنها هامشية.,إن تهميش الأقليات العرقية في سوق العمل يؤدي إلى استمرار دوامات الفقر وعدم المساواة.
392,الجدارة,نظام يعتمد فيه التقدم على القدرة.,يجادل النقاد بأن نظام الجدارة الحقيقي مستحيل طالما أن عدم المساواة المنهجية لم يتم معالجتها.
393,التخفيف,اتخاذ إجراءات للحد من خطورة شيء ضار.,هناك حاجة ماسة إلى استراتيجيات تخفيف فعالة للحد من أسوأ آثار تغير المناخ العالمي.
394,احتكار,السيطرة الحصرية على السوق من قبل كيان واحد.,تؤدي الاحتكارات غير الخاضعة للرقابة إلى تقليل المنافسة وتؤدي في النهاية إلى ارتفاع الأسعار بالنسبة للمستهلكين.
395,متعدد الأطراف,يشمل أكثر من طرفين أو دولتين.,إن معالجة تغير المناخ بفعالية تتطلب تعاوناً متعدد الأطراف بين جميع الدول الرئيسية المسببة للانبعاثات.
396,أهمل,الإهمال أو عدم الاهتمام بشيء ما.,أدت سنوات من الإهمال السياسي إلى حرمان العديد من المجتمعات الريفية من الرعاية الصحية أو التعليم الكافيين.
397,الليبرالية الجديدة,تفضيل الأسواق الحرة والخصخصة وإلغاء القيود التنظيمية.,يجادل النقاد بأن السياسات الاقتصادية النيوليبرالية قد وسعت الفجوة بين الأغنياء والفقراء على مستوى العالم.
398,المعايير,المعايير المقبولة للسلوك في المجتمع.,لقد أدت المعايير الاجتماعية المتغيرة حول الأدوار الجندرية إلى تغيير بيئة العمل الحديثة تدريجياً.
399,قديم,لم يعد مستخدماً؛ لقد عفا عليه الزمن وتم استبداله.,لقد أدى التقدم التكنولوجي السريع إلى جعل العديد من مهارات التصنيع التقليدية عتيقة الطراز.
400,القمع,سلطة أو سيطرة غير عادلة ومطولة على الآخرين.,لقد أدى الاضطهاد التاريخي للأقليات إلى خلق أوجه عدم مساواة متأصلة بعمق لا تزال قائمة حتى اليوم.
401,التفشي,حدوث مفاجئ لمرض أو عنف.,أدى تفشي مرض فيروسي جديد إلى اتخاذ تدابير طارئة فورية على الصعيد الدولي في مجال الصحة العامة.
402,نصيب الفرد,لكل فرد في مجموعة سكانية معينة.,يُستخدم الناتج المحلي الإجمالي للفرد بشكل شائع لمقارنة متوسط ​​مستوى المعيشة عبر مختلف البلدان.
403,الاستقطاب,التقسيم إلى مجموعتين متناقضتين بشكل حاد.,لقد جعل الاستقطاب السياسي التعاون بين الحزبين بشأن القضايا الوطنية الرئيسية أمراً صعباً بشكل متزايد.
404,الخصخصة,نقل الأصول المملوكة للدولة إلى الملكية الخاصة.,تعرض خصخصة المرافق العامة مثل المياه والطاقة لانتقادات واسعة النطاق بسبب تقليل إمكانية الوصول إليها.
405,انتشار,زيادة سريعة في عدد شيء ما.,يشكل انتشار المعلومات المضللة على وسائل التواصل الاجتماعي تهديداً خطيراً للعمليات الديمقراطية.
406,القرب,التقارب في المكان أو الزمان أو العلاقة.,يؤثر القرب الجغرافي من المراكز الاقتصادية بشكل كبير على تنمية المنطقة ونموها.
407,التصديق,الموافقة الرسمية على اتفاقية أو قانون.,يجب على المزيد من الدول التصديق على اتفاقية باريس حتى يكون للالتزامات المناخية العالمية تأثير ملموس.
408,العودة إلى الإجرام,الميل إلى ارتكاب الجريمة مرة أخرى بعد الإدانة السابقة.,لقد ثبت أن برامج إعادة التأهيل الفعالة تقلل من معدلات العودة إلى الإجرام بين المجرمين السابقين.
409,إعادة التوزيع,إعادة تخصيص الموارد لتحقيق قدر أكبر من المساواة.,يُمكّن نظام الضرائب التصاعدية من إعادة توزيع الثروة من الأغنى إلى الأكثر حرماناً.
410,تعزز,لتعزيز أو دعم فكرة أو هيكل قائم.,قد تؤدي الصور النمطية السلبية عن فئات اجتماعية معينة إلى تعزيز الصور النمطية السلبية التي تصورها وسائل الإعلام عن الجريمة دون قصد.
411,صمود,القدرة على التعافي السريع من الصعوبات.,يُعد بناء قدرة المجتمعات على الصمود أمراً ضرورياً لمساعدة السكان على تحمل آثار تغير المناخ.
412,الانتقام,الإجراء المتخذ رداً على الإصابة أو الاعتداء.,يمكن أن تؤدي الإجراءات التجارية الانتقامية بين الاقتصادات الكبرى إلى دورة مدمرة من تصاعد الرسوم الجمركية.
413,الفصل العنصري,الفصل القسري بين الجماعات في المجتمع.,للفصل العنصري في أنظمة التعليم آثار سلبية طويلة الأمد على المساواة الاجتماعية.
414,اجتماعي اقتصادي,يتعلق الأمر بالعوامل الاجتماعية والاقتصادية على حد سواء.,لا تزال الخلفية الاجتماعية والاقتصادية للطفل من أقوى المؤشرات على التحصيل الدراسي.
415,سيادة,السلطة العليا واستقلال الدولة.,تتعارض الاتفاقيات الدولية أحياناً مع رغبة الدول في الحفاظ على سيادتها الاقتصادية الكاملة.
416,دعم,لتقديم الدعم المالي من الأموال الحكومية.,تدعم العديد من الحكومات الطاقة المتجددة لجعلها أكثر قدرة على المنافسة مع الوقود الأحفوري.
417,مُعَرَّض ل,من المحتمل أن يتأثر بشيء ما أو يكون عرضة له.,تُعد الفئات السكانية الأكبر سناً أكثر عرضة للإصابة بأمراض خطيرة ناجمة عن أمراض الجهاز التنفسي المعدية.
418,نظامي,يتعلق بنظام كامل بدلاً من جزء واحد.,إن معالجة الفقر تتطلب تغييراً جذرياً في النظام بدلاً من التدخلات الجزئية التي تستهدف الأعراض الفردية.
419,إعادة الصياغة,إعادة التعبير أو الابتكار بشكل جديد.,في ضوء الأدلة الجديدة، قد تحتاج الحكومات إلى إعادة صياغة نهجها في سياسة الصحة العامة.
420,انقباض,انخفاض في الناتج أو النشاط الاقتصادي.,كشف الانكماش الحاد في التجارة العالمية خلال فترة الجائحة عن هشاشة سلاسل التوريد.
421,انحراف,انحراف عما هو طبيعي أو متوقع.,يعتبر بعض الاقتصاديين الأزمة المالية لعام 2008 حالة شاذة وليست فشلاً هيكلياً للأسواق.
422,التنازل عن العرش,التقصير في أداء الواجب أو المسؤولية.,قد تُتهم الحكومات التي تخفض الخدمات العامة بالتخلي عن مسؤوليتها تجاه المواطنين الضعفاء.
423,مرارة,عداء شديد في الكلام أو السلوك.,اتسمت مفاوضات خروج بريطانيا من الاتحاد الأوروبي بتوتر شديد بين ممثلي الاتحاد الأوروبي والمملكة المتحدة.
424,دمج,أن يندمج أو يتحد في كيان واحد.,تم دمج العديد من الإدارات الصغيرة لتحسين الكفاءة الإدارية وتقليل التكاليف التشغيلية.
425,تحسين,لتحسين الوضع السيئ أو جعله أكثر احتمالاً.,تهدف برامج المساعدات الدولية إلى تحسين الظروف التي يواجهها السكان النازحون في مناطق النزاع.
426,المفارقة التاريخية,شيء غريب في عصره التاريخي.,يجادل النقاد بأن المجلس الأعلى غير المنتخب أصبح مفارقة ديمقراطية في المجتمع الحديث.
427,عدم التماثل,عدم المساواة أو التكافؤ بين الأجزاء.,يمكن أن يؤدي عدم تناسق المعلومات بين المشترين والبائعين إلى فشل السوق ونتائج غير فعالة.
428,الاستنزاف,انخفاض تدريجي من خلال الضغط المستمر أو الفقدان.,تحول الصراع المطول إلى حرب استنزاف استنزفت موارد كلا الجانبين المتنازعين.
429,التشعب,تقسيم إلى فرعين أو جزأين.,أدى تزايد عدم المساواة إلى انقسام المجتمع إلى مجموعتين اقتصاديتين منفصلتين بشكل متزايد.
430,التحايل,إيجاد طريقة للالتفاف حول قاعدة أو عقبة.,وقد اتُهمت الشركات متعددة الجنسيات باستخدام حسابات خارجية للتهرب من الالتزامات الضريبية المحلية.
431,قسري,استخدام القوة أو التهديدات لإجبار الآخرين على اتخاذ إجراء.,إن استخدام التدابير القسرية لقمع المعارضة السياسية ينتهك المبادئ الديمقراطية الأساسية.
432,التسليع,عملية التعامل مع شيء ما كسلعة قابلة للتسويق.,لقد أدى تحويل التعليم العالي إلى سلعة إلى تحويل الجامعات من مؤسسات عامة إلى مؤسسات تجارية.
433,الرضا عن النفس,إشباع الرضا الذاتي رغم المخاطر الواضحة.,لقد سمح التراخي السياسي في مواجهة تزايد عدم المساواة بتوسع الانقسامات الاجتماعية بشكل كبير.
434,تخمين,رأي تم تكوينه دون أدلة كافية.,بدون بيانات تجريبية، تظل الادعاءات المتعلقة بالأثر الاقتصادي للسياسة مجرد تكهنات.
435,مشروط,يعتمد ذلك على ظروف أو شروط غير مؤكدة.,يتوقف نجاح برنامج الإصلاح على الالتزام السياسي المستمر والتمويل الكافي.
436,تأكيد,للتأكيد أو الدعم بالأدلة.,تؤكد العديد من الدراسات المستقلة أن تلوث الهواء يزيد بشكل كبير من معدلات الوفيات.
437,تقليص,لتقليل أو تقييد شيء ما بشكل كبير.,تم سن تشريعات طارئة للحد من الحريات المدنية خلال ذروة الأزمة الصحية الوطنية.
438,حدد,لوصف أو الإشارة بدقة ووضوح.,يجب أن تحدد المعاهدات الدولية بوضوح مسؤوليات كل دولة موقعة.
439,العائد الديموغرافي,النمو الاقتصادي الناتج عن زيادة عدد السكان في سن العمل.,تتمتع منطقة أفريقيا جنوب الصحراء بفرصة للاستفادة من عائدها الديموغرافي من خلال الاستثمار في التعليم.
440,ردع,تثبيط العمل عن طريق الخوف أو الشك.,قد تؤدي العقوبات الأشد على المخالفات البيئية إلى ردع الشركات عن تلويث المجاري المائية بشكل غير قانوني.
441,الانقسام,انقسام حاد إلى فئتين متناقضتين.,غالباً ما يتم تقديم التناقض بين النمو الاقتصادي وحماية البيئة على أنه خيار زائف.
442,انتشار,انتشار شيء ما على مساحة واسعة.,لقد أدى الانتشار السريع للتكنولوجيا الرقمية إلى تغيير طريقة إنتاج المعلومات واستهلاكها على مستوى العالم.
443,حرمان من الحقوق المدنية,حرمان شخص ما من حقوقه أو امتيازاته.,قد تؤدي متطلبات تسجيل الناخبين المعقدة إلى حرمان المجتمعات ذات الدخل المنخفض والأقليات من حق التصويت بشكل غير متناسب.
444,متباينة,مختلفان نوعياً بشكل أساسي؛ غير قابلين للمقارنة.,يجب أن تراعي السياسة احتياجات المجتمعات المتباينة ذات الظروف الاقتصادية المختلفة للغاية.
445,فعالية,القدرة على تحقيق النتيجة المرجوة.,يجب أن تختبر التجارب السريرية بدقة فعالية العلاجات الجديدة قبل الموافقة عليها للاستخدام العام.
446,المساواة,الإيمان بالمساواة في الحقوق للجميع أو الدعوة إليها.,يجب على المجتمع الذي يتسم بالمساواة الحقيقية أن يعالج كلاً من المساواة القانونية الرسمية والمساواة الجوهرية في الفرص.
447,راسخ,راسخة ويصعب تغييرها.,لا يزال التحيز الجنسي المتأصل بعمق في ممارسات التوظيف يضر بالنساء في المناصب العليا.
448,التوازن,حالة من التوازن بين القوى المتضادة.,تنص نظرية العرض والطلب على أن الأسواق ستميل بشكل طبيعي نحو توازن الأسعار بمرور الوقت.
449,استئصال,تدمير أو إزالة شيء ما بشكل كامل.,إن هدف منظمة الصحة العالمية المتمثل في القضاء على شلل الأطفال على مستوى العالم يتطلب تغطية تطعيم شاملة.
450,استقراء,لتوسيع نطاق البيانات المعروفة للتنبؤ بالمواقف غير المعروفة.,يجب على الباحثين توخي الحذر عند محاولة تعميم النتائج المستخلصة من عينات صغيرة على جميع السكان.
451,تصنيع,اختلاق معلومات كاذبة؛ تصنيعها.,إن الصحفيين الذين يختلقون الأدلة يقوضون ثقة الجمهور في وسائل الإعلام ويضرون بالخطاب الديمقراطي.
452,دراسة الجدوى,صفة الإمكانية والعملية.,يلزم إجراء دراسة جدوى شاملة قبل الموافقة على مشاريع البنية التحتية واسعة النطاق.
453,العجز المالي,عندما يتجاوز الإنفاق الحكومي إيراداته.,يؤدي تزايد العجز المالي إلى إجبار الحكومات إما على رفع الضرائب أو خفض الإنفاق العام الأساسي.
454,إنجاز رائد,مبتكر ورائد؛ يقدم أفكاراً جديدة.,لقد فتحت الأبحاث الرائدة في مجال تعديل الجينات آفاقاً جديدة لعلاج الأمراض الوراثية.
455,شمولي,معالجة النظام بأكمله بدلاً من أجزائه.,يجب أن يتناول النهج الشامل للصحة العامة المحددات الاجتماعية والاقتصادية والبيئية في آن واحد.
456,متجانس,يتكون من عناصر متشابهة أو متجانسة.,قد تؤدي الثقافات الحضرية المتجانسة بشكل متزايد إلى تآكل التنوع الغني للمجتمعات المحلية التقليدية.
457,يعيق,عرقلة أو إعاقة التقدم أو الحركة.,إن الممارسات البيروقراطية الفاسدة تعيق التنمية الاقتصادية وتثبط الاستثمار الأجنبي المباشر.
458,مبتدئ,بداية الحدوث أو التطور؛ في المراحل المبكرة.,يُعد التدخل المبكر أمراً بالغ الأهمية لمنع تحول التباطؤ الاقتصادي الناشئ إلى ركود كامل.
459,بشكل عشوائي,تم القيام بذلك دون تفكير متأنٍ؛ عشوائي وغير مبالٍ.,إن الاستخدام العشوائي للمبيدات الحشرية يضر بالنظم البيئية ويؤذي الأنواع إلى ما هو أبعد بكثير من الهدف المقصود.
460,متأصل,الوجود كخاصية أساسية دائمة.,توجد توترات متأصلة بين تحقيق أقصى قدر من النمو الاقتصادي وحماية البيئة الطبيعية.
461,التحريض,إحداث أو بدء فعل أو حدث.,غالباً ما تحفز جماعات المجتمع المدني تغيير السياسات من خلال حشد الضغط الشعبي على المؤسسات الحكومية.
462,يخفف من,لتقليل حدة أو تأثير شيء ما.,يمكن أن تساعد زراعة الأشجار في المدن على تخفيف تأثير الجزر الحرارية في المدن ذات الكثافة السكانية العالية.
463,استمرار,لجعل شيء ما يستمر إلى أجل غير مسمى.,تميل الأنظمة التعليمية التي تعكس الهياكل الطبقية القائمة إلى إدامة عدم المساواة الاجتماعية بدلاً من الحد منها.
464,براغماتي,التعامل مع الأمور عملياً بدلاً من النظري.,يوازن النهج العملي لسياسة الهجرة بين الالتزامات الإنسانية والقدرة الاجتماعية الواقعية.
465,محفوف بالمخاطر,غير مؤكد ومن المرجح أن يتدهور؛ غير مستقر.,أدى انتشار عقود العمل بدون ساعات محددة إلى وضع العديد من العمال في وضع مالي غير مستقر وغير آمن.
466,استباقي,اتخاذ إجراءات استباقية لمنع وقوع حدث متوقع.,تزعم بعض الحكومات أن العمل العسكري الاستباقي مبرر عند مواجهة تهديد أمني وشيك.
467,التداعيات,نتيجة غير مباشرة لحدث أو فعل.,يمكن أن يكون للحروب التجارية تداعيات اقتصادية خطيرة على دول تتجاوز بكثير تلك المتورطة بشكل مباشر.
468,صارم,الامتثال الصارم والدقيق والمتطلب.,تُعدّ اللوائح البيئية الصارمة ضرورية لمنع الشركات من تحميل تكاليف التلوث على جهات خارجية.
469,تقويض,إضعاف أو إتلاف شيء ما تدريجياً.,إن الفساد المستشري يقوض ثقة الجمهور في المؤسسات الديمقراطية وسيادة القانون.
470,إعادة المعايرة,للتكيف أو إعادة الضبط استجابةً للظروف الجديدة.,قد تحتاج الحكومات إلى إعادة ضبط السياسة الاقتصادية استجابةً لظروف السوق العالمية المتغيرة بسرعة.
471,التثاقف,تبني سمات ثقافية من مجموعة أخرى.,ينطوي اندماج المجتمعات المهاجرة في المجتمع على مفاوضات معقدة بين التراث والمعايير الثقافية للمجتمع المضيف.
472,الفصل في القضايا,إصدار حكم أو قرار رسمي.,توجد المحاكم الدولية للفصل في النزاعات بين الدول التي لا يمكن حلها ثنائياً.
473,متناقض,معارض أو متناقض بشكل مباشر مع شيء ما.,إن قمع حرية التعبير يتعارض مع المبادئ الأساسية للحكم الديمقراطي الليبرالي.
474,مزدهر,النمو أو التطور بسرعة وقوة.,تُساهم الطبقة المتوسطة المتنامية في جنوب شرق آسيا في تحقيق نمو غير مسبوق في الطلب الاستهلاكي.
475,اندماج,أن نتحد لنشكل كياناً واحداً موحداً.,بدأت جماعات ناشطة متباينة في التوحد حول أجندة مشتركة للعدالة البيئية والاجتماعية.
476,مدرك,امتلاك المعرفة أو الوعي بشيء ما.,يجب على صانعي السياسات أن يكونوا على دراية تامة بالعواقب البيئية طويلة الأجل للتنمية الصناعية.
477,غير منتج,أن يكون له تأثير معاكس للتأثير المطلوب.,قد تكون سياسات مكافحة المخدرات العقابية المفرطة ذات نتائج عكسية، إذ تزيد من الجريمة بدلاً من الحد من تعاطي المخدرات.
478,دوري,يتكرر بانتظام من خلال تسلسل متكرر.,غالباً ما يكون الفقر دورياً، ينتقل عبر الأجيال بسبب عدم كفاية فرص الحصول على التعليم والفرص.
479,الشعبوية,التلاعب السياسي باستخدام الخطابات الشعبوية العاطفية.,يشكل صعود الشعبوية في المجتمعات الديمقراطية تهديداً خطيراً للحكم الرشيد والقائم على الأدلة.
480,متوطن,توجد بانتظام وتنتشر على نطاق واسع في منطقة معينة.,إن الفساد المستشري في المؤسسات العامة يعيق تقديم الخدمات بشكل فعال للمواطنين المحتاجين.
481,معرفي,يتعلق بالمعرفة أو بدرجة التحقق منها.,يتطلب التواضع المعرفي الاعتراف بحدود ما يمكننا معرفته عند صياغة السياسة العامة.
482,مُلِحّ,يتطلب إجراءً أو اهتماماً فورياً؛ عاجل.,تطلبت المطالب الملحة لأزمة اللاجئين استجابة دولية فورية ومنسقة.
483,خارج الحدود الإقليمية,التوسع أو العمل خارج الحدود الإقليمية.,تطبق بعض الدول قوانين خارج حدودها الإقليمية لمقاضاة الشركات بتهمة الرشوة المرتكبة في الخارج.
484,جيوسياسي,يتعلق بالسياسة المتأثرة بالجغرافيا.,يتزايد التنافس على الموارد المعدنية الحيوية، مما يؤدي إلى تصاعد التوترات الجيوسياسية بين القوى الكبرى.
485,غير متجانس,متنوعة في خصائصها أو تتكون من عناصر مختلفة.,تُساهم القوى العاملة غير المتجانسة في توفير وجهات نظر متنوعة يمكن أن تدفع نحو مزيد من الابتكار التنظيمي.
486,إرشادي,تمكين الاكتشاف من خلال التجربة والأساليب العملية.,يكشف علم الاقتصاد السلوكي كيف يمكن أن تؤدي الاستدلالات المعرفية إلى اتخاذ الأفراد قرارات غير عقلانية بشكل منهجي.
487,تهجين,عملية دمج عنصرين متميزين.,ينتج عن التهجين الثقافي في المدن المعولمة أشكال إبداعية جديدة تستمد من تقاليد متعددة.
488,غير قابل للتغيير,ثابت مع مرور الوقت؛ من المستحيل تغييره.,يرى بعض الفلاسفة أن الحقائق الأخلاقية ثابتة لا تتغير، بينما يجادل آخرون بأنها تتطور مع المجتمع.
489,لا يرحم,من المستحيل إيقافه أو منعه؛ لا هوادة فيه.,يشكل الارتفاع المطرد لمستويات سطح البحر تهديداً وجودياً للمجتمعات الساحلية المنخفضة في جميع أنحاء العالم.
490,خبيث,ضار تدريجياً بطريقة خفية ومُستترة.,يمكن أن يكون للتحيز اللاواعي تأثير خبيث على قرارات التوظيف، مما يؤدي إلى استمرار عدم المساواة المنهجية في مكان العمل.
491,عنيد,من الصعب للغاية إدارتها أو حلها أو التعامل معها.,أثبت الصراع الإسرائيلي الفلسطيني أنه عصي على الحل رغم عقود من الجهود الدبلوماسية الدولية.
492,متعدد الأوجه,يمتلك العديد من الجوانب أو الأبعاد المختلفة.,إن معالجة تغير المناخ تتطلب نهجاً متعدد الأوجه يجمع بين التغيير التكنولوجي والسياسي والسلوكي.
493,ناشئ,في بداية الوجود أو التطور.,يمكن للاستثمار في قطاع الطاقة المتجددة الناشئ أن يساعد الدول على الانتقال من الاعتماد على الوقود الأحفوري.
494,معياري,يتعلق الأمر بوضع معايير السلوك أو تحديدها.,يمكن أن تؤثر الافتراضات المعيارية حول الأدوار الجندرية بشكل كبير على تصميم السياسات التعليمية وسياسات أماكن العمل.
495,التمويه,لجعل شيء ما غير واضح أو يصعب فهمه.,يلجأ السياسيون أحياناً إلى استخدام لغة تقنية لإخفاء القرارات غير الشعبية عن عامة الناس.
496,متناقض,يبدو الأمر متناقضاً ظاهرياً، ولكنه قد يكون صحيحاً.,من المفارقات أن زيادة إمكانية الوصول إلى المعلومات لم تؤد دائماً إلى مشاركة سياسية عامة أكبر.
497,تكافلي,ينطوي على منفعة متبادلة بين كيانين.,إن العلاقة التكافلية بين الجامعات والصناعة تدفع الابتكار والقدرة التنافسية الاقتصادية.
498,عابر,يدوم لفترة قصيرة فقط؛ مؤقت.,غالباً ما تكون الطفرات الاقتصادية المدفوعة بصادرات السلع الأساسية عابرة ولا تؤدي إلى تنمية مستدامة.
499,منتشر في كل مكان,موجود وموجود في كل مكان في آن واحد.,أصبحت الهواتف الذكية منتشرة في كل مكان لدرجة أن الاستبعاد الرقمي يشكل الآن شكلاً خطيراً من أشكال الحرمان الاجتماعي.
500,الهيمنة,يتعلق الأمر بالسيطرة على الآخرين.,يجادل النقاد بأن المعايير الثقافية الغربية المهيمنة غالباً ما تُفرض على الدول النامية من خلال المؤسسات العالمية.